SBankCode,BankTypeCode,BankName
,ABC,中国农业银行
,CCB,中国建设银行
,ICBC,中国工商银行
,BOC,中国银行
,PSBC,中国邮政储蓄银行
,COMM,交通银行
,ADBC,中国农业发展银行
,PBCABD,中国人民银行会计营业部门
,CMB,招商银行
,CITIC,中信银行
,CMBC,中国民生银行
,CIB,兴业银行
,SPDB,浦发银行
,CEB,中国光大银行
,SPABANK,平安银行
,HXBANK,华夏银行
,GDB,广发银行
,ZYB,中原银行
,CDRCB,成都农商银行
,SXQNRCB,陕西秦农农村商业银行股份有限公司
,JSBANK,江苏银行
,HSBANK,徽商银行
,TRCB,天津农商银行
,BJBANK,北京银行
,NBBANK,宁波银行
,SHRCB,上海农商银行
,JLBANK,吉林银行
,ZJTLCB,浙江泰隆商业银行
,BOHAIB,渤海银行
,CZBANK,浙商银行
,SHBANK,上海银行
,EGBANK,恒丰银行
,GYCB,贵阳银行
,HRBANK,哈尔滨银行
,TZCB,台州银行
,DLRCB,大连农村商业银行
,QDRCU,青岛农村商业银行股份有限公司
,DAQINGB,龙江银行
,CSCB,长沙银行
,ZJKCCB,张家口银行
,BHB,河北银行
,SXBA,山西银行股份有限公司
,CZRCB,江南农村商业银行
,ZYCBANK,贵州银行
,CABANK,长安银行
,HZCB,杭州银行
,BJRCB,北京农商行
,NJCB,南京银行
,SRCB,深圳农村商业银行
,GSBANK,甘肃银行
,HBC,湖北银行
,CDCB,成都银行
,SJBANK,盛京银行
,HRXJB,华融湘江银行
,JJBANK,九江银行
,NCB,江西银行
,CZCB,浙江稠州商业银行
,DLB,大连银行
,MTBANK,浙江民泰商业银行
,XABANK,西安银行
,ZZBANK,郑州银行
,CRCB,长沙农村商业银行股份有限公司
,HBTSRCB,河北唐山农村商业银行
,BGB,广西北部湾银行
,BSB,蒙商银行
,HKB,汉口银行
,FDB,富滇银行
,JLJTRCB,吉林九台农村商业银行
,XZNCRCB,徐州农村商业银行
,H3CB,内蒙古银行
,LZYH,兰州银行
,TCCB,天津银行
,GZB,赣州银行
,QLBANK,齐鲁银行
,BOJZ,锦州银行
,BOD,东莞银行
,VTYCSYYXHWU,济南农村商业银行
,GLBANK,桂林银行
,CQBANK,重庆银行
,HLDB,葫芦岛银行
,GCB,广州银行
,HZLHRCC,杭州联合农村商业银行
,ZJKRCB,张家口农村商业银行
,LZRCB,兰州农村商业银行股份有限公司
,JZRCBANK,江苏紫金农村商业银行
,WASRCC,武安市农村信用联社
,NBCXRCB,宁波慈溪农村商业银行
,QDCCB,青岛银行
,BOSZ,苏州银行
,CRCBANK,重庆农村商业银行
,WZCB,温州银行
,NYBANK,广东南粤银行
,HDBANK,邯郸银行
,ZJXSRCC,浙江萧山农村商业银行
,BDSSQRCC,保定市市区农村信用合作联社
,BOYK,营口银行
,ZBCB,齐商银行
,SYCTRCB,沈阳农村商业银行
,PZHCCB,四川银行
,BOCZ,沧州银行
,JSB,晋商银行
,TJBHB,天津滨海农村商业银行
,ORBANK,鄂尔多斯银行
,CGNB,四川天府银行
,LZCCB,柳州银行
,SRBANK,上饶银行
,SXCB,绍兴银行
,BODD,丹东银行
,WHCCB,威海市商业银行
,JGRCB,金谷农商银行
,BOCD,承德银行
,FJJJRCC,福建晋江农村商业银行
,WWRCB,武威农村商业银行
,FJNARCC,福建南安农村商业银行
,LANGFB,廊坊银行
,XIB,厦门国际银行
,LSBANK,莱商银行
,JHBANK,金华银行
,HKBEA,东亚银行
,URMQCCB,乌鲁木齐银行
,FJPTRCB,福建莆田农村商业银行
,QASRCC,迁安市农村信用合作联社
,BZSVDNRCC,霸州市农村信用合作联社
,CCQTGB,重庆三峡银行
,HANCB,江苏淮安农村商业银行
,SXYDRCC,山西尧都农村商业银行
,ZZRCC,枣庄农村商业银行
,XMBANK,厦门银行
,TYSCQWUQRCC,山西省太原市城区农村信用合作联社
,NXBANK,宁夏银行
,XJTSRCC,新疆天山农村商业银行
,BANKWF,潍坊银行
,AKNCRCC,安康农村商业银行
,HZCCB,湖州银行
,JXBANK,嘉兴银行
,LSYH,辽沈银行股份有限公司
,GYRCB,贵阳农村商业银行
,RBOZ,珠海华润银行
,NBYYRCC,宁波余姚农村商业银行
,FJFQHTRCC,福建福清汇通农村商业银行
,ZJYWRCC,浙江义乌农村商业银行
,BOQH,青海银行
,MYBANK,绵阳市商业银行
,NTRCB,江苏南通农村商业银行
,KLB,昆仑银行
,YCRCB,永州农村商业银行股份有限公司
,FXCB,阜新银行
,HNLYRCC,湖南耒阳农村商业银行
,FJHXBC,福建海峡银行
,RZB,日照银行
,LSBC,临商银行
,CSRCB,常熟农商银行
,YTBANK,烟台银行
,LSCCB,乐山市商业银行
,FSCB,抚顺银行
,BOQZ,泉州银行
,HFKJRCC,合肥科技农村商业银行
,SDSGRCC,山东寿光农村商业银行
,WFRCC,潍坊农村商业银行
,WRCB,无锡农村商业银行
,XTB,邢台银行
,CCCB,长春农村商业银行
,SXYLYYRCC,陕西榆林榆阳农村商业银行
,ZJSXRFRCC,浙江绍兴瑞丰农村商业银行
,SJJHR,石家庄汇融农村合作银行
,ZJZJRCC,浙江诸暨农村商业银行
,ZJRARCC,浙江瑞安农村商业银行
,ZJHCRCC,浙江禾城农村商业银行
,AHHYRCC,安徽怀远农村商业银行
,HNXJXQRCB,湖南湘江新区农村商业银行股份有限公司
,SZSBK,石嘴山银行
,BDCBANK,保定银行
,SDLWRCC,山东莱芜农村商业银行
,HBXZRCB,河北邢州农村商业银行
,XMRCB,厦门农村商业银行
,LNXEONRCC,滦南县农村信用合作联社
,HYRCB,衡阳农村商业银行股份有限公司
,SDGRRCC,山东广饶农村商业银行
,ZJWLRCC,浙江温岭农村商业银行
,JNBANK,济宁银行
,XYXKYBRCC,仙游县农村信用合作联社
,BOCY,朝阳银行
,TSBANK,唐山银行股份有限公司
,SDZDRCC,山东张店农村商业银行
,NBSSQRCC,宁波市市区农村信用合作联社
,ZJHZYHRCC,浙江杭州余杭农村商业银行
,SHSRCC,三河市农村信用合作联社
,YNXZUKRCC,永年县农村信用联社
,ZJLARCC,浙江临安农村商业银行
,XSXUPXRCC,象山县农村信用合作联社
,QDRCB,江苏启东农村商业银行
,HNXSSRCB,湖南星沙农村商业银行股份有限公司
,HKRCB,海口农村商业银行
,FJFZRCB,福建福州农村商业银行
,DYCCB,东营银行
,XSXQMXRCC,习水县农村信用合作联社
,JSYXRCB,江苏宜兴农村商业银行
,RGRCB,江苏如皋农村商业银行股份有限公司
,LANCRCC,六安农村商业银行
,HBXYRCC,湖北襄阳农村商业银行
,PSXIQBRCC,平山县农村信用联社
,HBNJRCB,河北宁晋农村商业银行股份有限公司
,VQTSNCSYTLG,鄂尔多斯农村商业银行
,WJRCB,苏州农村商业银行
,AHSZRCC,安徽宿州农村商业银行
,jsycrcb,江苏盐城农村商业银行
,HEBNCRCC,哈尔滨农村商业银行
,HNHYHZRCC,湖南衡阳衡州农村商业银行
,JLHCRCB,吉林环城农村商业银行
,HSBC,汇丰银行（中国）
,WHRCB,武汉农村商业银行
,YYXEMVRCC,阳原县农村信用联社
,CCFZNCB,长春发展农村商业银行股份有限公司
,JSHARCB,江苏海安农村商业银行
,SJZLQRCC,石家庄市鹿泉农村信用合作联社
,YYRCB,益阳农村商业银行股份有限公司
,BZRCC,滨州农村商业银行
,DYCB,长城华西银行
,SDHTRCC,山东桓台农村商业银行
,DZCBANK,达州市商业银行
,HNQYRCB,湖南祁阳农村商业银行股份有限公司
,AHDYRCC,安徽定远农村商业银行
,HNHDRCC,湖南衡东农村商业银行
,JSXHRCB,江苏兴化农村商业银行
,QHDBANK,秦皇岛银行
,ZPXODDRCC,漳浦县农村信用合作联社
,ZJLQTUQRCC,浙江乐清农村商业银行
,AHMASRCC,安徽马鞍山农村商业银行
,ZJFYRCC,浙江富阳农村商业银行
,HZRCC,菏泽农村商业银行
,CDSRCB,常德农村商业银行股份有限公司
,DTBDRCC,大同北都农村商业银行
,JQRCB,酒泉农村商业银行
,YTRCC,烟台农村商业银行
,HNLYRCB,湖南浏阳农村商业银行股份有限公司
,ZJTXRCC,浙江桐乡农村商业银行
,KZRTNCSYAQZ,湖北仙桃农村商业银行
,HBZDRCB,河北正定农村商业银行
,GRCB,广州农村商业银行
,SDLZRGKRCC,山东临淄农村商业银行
,DYNRCB,东营农村商业银行
,YSXZISRCC,元氏县农村信用联社
,YZNSHRCB,江苏扬州农村商业银行
,JSJDRCB,江苏江都农村商业银行
,NXRCU,宁夏黄河农村商业银行
,ZJZZNBGRCC,浙江嵊州农村商业银行
,AHZXCATRCC,安徽濉溪农村商业银行
,MFRCB,江苏民丰农村商业银行
,HBTMRCC,湖北天门农村商业银行
,LSXJEXRCC,灵寿县农村信用联社
,XNNSYHRCC,西宁农商银行
,HSBK,衡水市商业银行
,AHWWRCC,安徽无为农村商业银行
,GZLRCB,吉林公主岭农村商业银行股份有限公司
,DZBANK,德州银行
,AHHQRCC,安徽霍邱农村商业银行
,WNSLWQRCC,渭南市临渭区农村信用合作联社
,YQRCB,阳泉农村商业银行股份有限公司
,ZJNZRCC,浙江南浔农村商业银行
,QRCB,泉州农村商业银行
,RDRCB,江苏如东农村商业银行
,AXXESSRCC,安溪县农村信用合作联社
,HBSZYLDRCC,湖北随州农村商业银行
,ZZYDRCC,亳州药都农村商业银行
,LFSCJRCC,廊坊市城郊农村信用合作联社
,ZSDHHYRCC,浙江舟山定海海洋农村商业银行
,HNTSRCC,淮南通商农村商业银行
,GZBJRCB,贵州毕节农村商业银行
,KMGDRCC,昆明官渡农村合作银行
,NBFHRCC,宁波奉化农村商业银行
,FJAX,福建安溪农村商业银行股份有限公司
,YXDRQRCC,洋县农村信用合作联社
,SYSRCB,邵阳农村商业银行股份有限公司
,HBDMRCB,河北大名农村商业银行股份有限公司
,ZJSYRCC,浙江上虞农村商业银行
,ZJCNRCC,浙江苍南农村商业银行
,ZJWZZHRCC,浙江温州瓯海农村商业银行
,YANBRCB,延边农村商业银行
,PHXRCC,平和县农村信用合作联社
,NBBLRCC,宁波北仑农村商业银行
,HNWCRCC,海南文昌农村商业银行
,SXYXRCC,山西盂县农村商业银行
,GAXRCC,固安县农村信用合作联社
,AHLQRCC,安徽临泉农村商业银行
,YDXMKHRCC,永登县农村信用合作联社
,HBWCRCB,河北围场农村商业银行
,SNCCB,遂宁银行
,BDQYRCC,保定市清苑区农村信用联社
,SZSSCQRCC,山西省朔州市朔城区农村信用合作联社
,SXYCAOLRCC,山西运城农村商业银行
,LYGDFRCB,连云港东方农村商业银行
,GZXYRCB,贵州兴义农村商业银行
,YZBANK,银座村镇银行
,AHLJRCC,安徽庐江农村商业银行
,PZRCB,江苏邳州农村商业银行
,HBZZRCB,河北涿州农村商业银行
,AHFYRCC,安徽凤阳农村商业银行
,SYRCB,江苏射阳农村商业银行
,IWPXNCSYQZG,安徽歙县农村商业银行
,JSTXRCB,江苏泰兴农村商业银行
,YASRCC,永安市农村信用合作联社
,GHB,广东华兴银行
,AHWYRCC,安徽涡阳农村商业银行
,NBNHRCC,宁波宁海农村商业银行
,AHTCVDPRCC,安徽天长农村商业银行
,GZZYRCB,贵州遵义农村商业银行股份有限公司
,SXXXZYFRCC,陕西西乡农村商业银行
,SWSRCC,邵武市农村信用合作联社
,FJSSRCB,福建石狮农村商业银行
,QJCCB,曲靖市商业银行
,JSJYRCB,江苏姜堰农村商业银行
,HNHSRCC,湖南衡山农村商业银行
,CZJHRCC,池州九华农村商业银行
,JSDYRCB,江苏丹阳农村商业银行
,HZSHTQRCC,汉中市汉台区农村信用合作联社
,VQXZNCSYJFA,山东青州农村商业银行
,ZJZSPTRCC,浙江舟山普陀农村商业银行
,SHYRCB,江苏沭阳农村商业银行
,HBYTRCB,河北玉田农村商业银行股份有限公司
,SXXZRCC,山西忻州农村商业银行
,HBCZRCB,河北沧州农村商业银行
,SDXTRCC,山东新泰农村商业银行
,ZRCBANK,张家港农村商业银行
,SXNZRCC,陕西南郑农村商业银行
,AHMCRCC,安徽蒙城农村商业银行
,XCWNRCC,宣城皖南农村商业银行
,CTXQCKRCC,昌图县农村信用合作联社
,SDZZRCC,山东滕州农村商业银行
,AHSXRCC,安徽寿县农村商业银行
,HNSFRCB,湖南双峰农村商业银行股份有限公司
,PXJBARCC,盘县农村信用合作联社
,ZHSRCC,遵化市农村信用合作联社
,ZJYKRCC,浙江永康农村商业银行
,CZSRCB,郴州农村商业银行股份有限公司
,ZJYJRCC,浙江永嘉农村商业银行
,MXRCB,勉县农村信用合作联社
,AHFNRCC,安徽阜南农村商业银行
,GZDAF,贵州大方农村商业银行股份有限公司
,AHFDRCC,安徽肥东农村商业银行
,CXQIURCC,磁县农村信用合作联社
,HBSHRCB,河北沙河农村商业银行股份有限公司
,ZYXUHVRCC,镇远县农村信用合作联社
,HBZYRCC,湖北枣阳农村商业银行
,HNLLRCB,湖南醴陵农村商业银行股份有限公司
,HNGYRCU,湖南桂阳农村商业银行
,JSHMRCB,江苏海门农村商业银行
,AHFXRCC,安徽肥西农村商业银行
,PQSRCC,平泉市农村信用合作联社
,TACCB,泰安银行
,JSDTRCB,江苏东台农村商业银行
,JNRCC,济宁农村商业银行
,AGSRCC,安国市农村信用联社
,AHSCRCC,安徽舒城农村商业银行
,AHZSRCC,安徽颍上农村商业银行
,ZJTZLQRCC,浙江台州路桥农村商业银行
,WHYZRCC,芜湖扬子农村商业银行
,ZJWZLWRCC,浙江温州龙湾农村商业银行
,JLNANSB,吉林农安农村商业银行股份有限公司
,TSQZRCC,天水秦州农村合作银行
,ZJWZLCRCC,浙江温州鹿城农村商业银行
,AHQJRCC,安徽全椒农村商业银行
,CDB,国家开发银行
,HNYJRCB,湖南沅江农村商业银行股份有限公司
,HBDZRCB,河北定州农村商业银行股份有限公司
,LNJPRCB,辽宁建平农村商业银行
,SXZZOAQRCC,山西泽州农村商业银行
,GDXCTKRCC,贵定县农村信用合作联社
,BYGZNCSYGNL,湖北鄂州农村商业银行
,JSDFRCB,江苏大丰农村商业银行
,GSYZRCC,甘肃榆中农村合作银行
,YQXRCC,永清县农村信用联社
,BBNCRCC,蚌埠农村商业银行
,XLXMOWRCC,兴隆县农村信用合作联社
,DLXOHRRCC,大荔县农村信用合作联社
,JPXXCRRCC,建平县农村信用合作联社
,AHMGRCC,安徽明光农村商业银行
,HAXLKNRCC,惠安县农村信用合作联社
,NCBANK,南洋商业银行
,AHLXPPYRCC,安徽利辛农村商业银行
,FYYDRCB,颍东农商银行
,LCRCC,聊城农村商业银行
,JLYSRCB,吉林榆树农村商业银行
,HNYXRCB,湖南攸县农村商业银行股份有限公司
,FXMGZRCC,阜新蒙古族自治县农村信用合作联社
,DDRCB,丹东农村商业银行
,GYNCB,江苏赣榆农村商业银行
,WNXRCC,威宁县农村信用合作联社
,JJRCB,江苏靖江农村商业银行
,JZRCB,锦州农村商业银行股份有限公司
,AHFTRCC,安徽凤台农村商业银行
,HNLSSRCB,湖南龙山农村商业银行股份有限公司
,HBMCRCC,湖北麻城农村商业银行
,RQSRCC,任丘市农村信用合作联社
,HNSZRCB,湖南桑植农村商业银行股份有限公司
,YBCCB,宜宾市商业银行
,HNCNRCB,湖南常宁农村商业银行股份有限公司
,ZJJSXMVRCC,浙江江山农村商业银行
,XYNSRCB,江苏新沂农村商业银行
,SXLTRCB,陕西蓝田农村商业银行
,HBNCRCC,淮北农村商业银行
,BXBANK,本溪市商业银行
,HBSXRCC,湖北三峡农村商业银行
,FJCLRCC,福建长乐农村商业银行
,RDUZKCNCDES,浙江衢州柯城农村商业银行
,BTNJRCC,包头市南郊农村信用联社
,AHZYRCC,安徽枞阳农村商业银行
,ZBZCRCC,淄博淄川农村商业银行
,HBJZRCC,湖北荆州农村商业银行
,XJB,新疆银行
,SXSYSSXRCC,陕西山阳农村商业银行
,ASRZB,安顺农村商业银行
,NYCB,南阳村镇银行
,AHXXRCB,安徽萧县农村商业银行
,ZJTZHYRCC,浙江台州黄岩农村商业银行
,ZJKSCJRCB,张家口市城郊农村信用合作联社
,AHTCDFXRCC,安徽桐城农村商业银行
,HNPJRCB,湖南平江农村商业银行股份有限公司
,CDXRCC,承德县农村信用合作联社
,LTXYEORCC,乐亭县农村信用合作联社
,CTBC,中国信托商业银行
,HEBEIXTRCB,河北邢台农村商业银行
,PLRCB,平凉农村商业银行股份有限公司
,ZJTZJJRCC,浙江台州椒江农村商业银行
,SDZQRCC,山东章丘农村商业银行
,ZZRCB,株洲农村商业银行
,HBSYRCC,湖北十堰农村商业银行
,JRCB,江苏江阴农村商业银行
,JLDHB,吉林敦化农村商业银行
,SJZZCGFGRCC,石家庄市藁城农村信用合作联社
,SYRCBBANK,江苏泗阳农村商业银行
,AHHXRCC,安徽和县农村商业银行
,LNXUDZRCC,洛南县农村信用合作社联合社
,SXSMRCC,陕西神木农村商业银行
,LNHCRCB,辽宁海城农村商业银行
,CGXRCC,城固县农村信用合作联社
,KJCZYH,梅县客家村镇银行
,SXHXRCB,陕西户县农村商业银行
,GSLXRCU,甘肃陇西农村商业银行股份有限公司
,CYXRCC,朝阳县农村信用合作社联合社
,PXRCB,江苏沛县农村商业银行
,GSZYRCB,张掖农村商业银行股份有限公司
,HBCDRHRCB,河北承德热河农村商业银行
,SFKZZJNCHXS,浙江衢州衢江农村商业银行
,JSJRCB,江苏句容农村商业银行
,SDJYQCWRCC,山东巨野农村商业银行
,SDCXRCC,山东曹县农村商业银行
,ZJJRCB,张家界农村商业银行股份有限公司
,GFSXNCSYOGA,湖北钟祥农村商业银行
,SDYSRCC,山东沂水农村商业银行
,CDSJQRCC,承德市郊区农村信用合作联社
,SLSZRCC,商洛市商州区农村信用合作社联合社
,HBGBDRCB,河北高碑店农村商业银行股份有限公司
,DRCBCL,东莞农村商业银行
,SDZCCHHRCC,山东诸城农村商业银行
,HZWXRCC,湖州吴兴农村商业银行
,FJLYRCC,福建龙岩农村商业银行
,GYNSH,江苏高邮农村商业银行
,NBYZ,宁波鄞州农商行
,JLGELSB,吉林郭尔罗斯农村商业银行股份有限公司
,CLXPGCRCC,昌黎县农村信用合作联社
,HBWARCB,河北文安农村商业银行
,JLDHRCB,吉林德惠农村商业银行股份有限公司
,LHXWCGRCC,隆化县农村信用合作联社
,JSSNRCB,江苏睢宁农村商业银行
,HBXJRCB,河北辛集农村商业银行
,HBFNRCB,河北丰宁农村商业银行股份有限公司
,HNNXRCB,湖南宁乡农村商业银行股份有限公司
,AHQSRCC,安徽潜山农村商业银行
,LNWDRCC,陇南武都农村合作银行
,YXCCB,云南红塔银行
,AHTHMMXRCC,安徽太和农村商业银行
,ZJDQRCC,浙江德清农村商业银行
,ZJLSLDRCC,浙江丽水莲都农村商业银行
,PCXRQXRCC,蒲城县农村信用合作联社
,HSRCB,河北衡水农村商业银行
,ZJQTRCC,浙江青田农村商业银行
,SXGPRCC,山西高平农村商业银行
,HBJZRCU,河北冀州农村商业银行
,HBLPRCB,河北滦平农村商业银行
,AHGDRCC,安徽广德农村商业银行
,ZNXINIRCC,镇宁布依族苗族自治县农村信用合作联社
,GSHNRCB,甘肃会宁农村商业银行
,ZJHNRCC,浙江海宁农村商业银行
,HDXRCC,邯郸县农村信用合作联社
,XJCJRCC,新疆昌吉农村商业银行
,JLHDRCB,吉林桦甸农村商业银行股份有限公司
,AHHNRCC,安徽怀宁农村商业银行
,MHXRCC,闽侯县农村信用合作联社
,SDLYLSRCC,山东临沂兰山农村商业银行
,ZJZYRCC,浙江缙云农村商业银行
,PDXIJZRCC,平定县农村信用合作联社
,SXXYCCIRCC,陕西旬阳农村商业银行
,QHSRCC,琼海市农村信用合作联社
,ZJXJRCC,浙江仙居农村商业银行
,GSJNRCB,甘肃静宁农村商业银行股份有限公司
,HNLXRCB,湖南澧县农村商业银行股份有限公司
,HBHDRCB,河北邯郸农村商业银行股份有限公司
,ZXNCRCC,赵县农村信用联社
,JHXHRLRCC,剑河县农村信用合作联社
,SXYCIPMRCC,山西阳城农村商业银行
,LCXVVLRCC,龙川县农村信用合作联社
,SDDXRCC,山东单县农村商业银行
,JSGYRCB,江苏灌云农村商业银行
,WHBANK,乌海银行
,JSFXRCB,江苏丰县农村商业银行
,LNXCRCB,辽宁兴城农村商业银行股份有限公司
,AHXNRCC,安徽休宁农村商业银行
,JSXRCC,金沙县农村信用合作联社
,JSZJRCB,江苏镇江农村商业银行
,SHNRCB,江苏泗洪农村商业银行
,WXNCRCC,蔚县农村信用联社
,NBZHRCC,宁波镇海农村商业银行
,SXPYRCC,山西平遥农村商业银行
,GZRC,贵州黔西农村商业银行股份有限公司
,ZJCXRCC,浙江长兴农村商业银行
,LNXYRCB,辽宁岫岩农村商业银行
,JSBYRCB,江苏宝应农村商业银行
,AHJZRCC,安徽金寨农村商业银行
,SDLYRKCRCC,山东莱阳农村商业银行
,LSRCB,江苏涟水农村商业银行
,AHTHAVSRCC,安徽太湖农村商业银行
,ZJSXHXRCC,浙江绍兴恒信农村合作银行
,HBQJRCC,湖北潜江农村商业银行
,SDLKRCC,山东龙口农村商业银行
,FYZQRCC,阜阳颍泉农村商业银行
,SXYPSRCC,山西省原平市农村信用合作联社
,DYLSCB,东营莱商村镇银行
,HBZQRCB,河北枣强农村商业银行
,WXCYYRCC,魏县农村信用合作联社
,BJCCQRCC,宝鸡市陈仓区农村信用合作联社
,LYRCB,辽阳农村商业银行股份有限公司
,HBSZRCB,河北深州农村商业银行
,CHNCRCC,巢湖农村商业银行
,HLRCB,河北怀来农村商业银行
,AHLARCC,安徽来安农村商业银行
,ZJAJRCC,浙江安吉农村商业银行
,LDNSH,辽阳辽东农村商业银行
,XFXBNXRCC,息烽县农村信用合作联社
,TSMJRCC,天水麦积农村合作银行
,ZJCARCC,浙江淳安农村商业银行
,DXRCB,定西农村商业银行
,XACARCC,西安市长安区农村信用合作社联合社
,SDZCHMGRCC,山东邹城农村商业银行
,ASCB,鞍山银行
,HBZCRCC,湖北蕲春农村商业银行
,NXPLRCC,宁夏平罗农村商业银行
,LUZBANK,泸州市商业银行
,LYSRCC,凌源市农村信用合作社联合社
,NMYJHLRCC,内蒙古伊金霍洛农村商业银行
,LNBPRCC,辽宁省北票市农村信用合作联社
,JLPSRCB,吉林磐石农村商业银行股份有限公司
,AHJSRCC,安徽界首农村商业银行
,GLXAIURCC,皋兰县农村信用合作联社
,STMZRCC,松桃苗族自治县农村信用合作联社
,SJZZCQYIRCC,石家庄市栾城农村信用合作联社
,CZWDRCC,滁州皖东农村商业银行
,AHTSRCB,安徽砀山农村商业银行
,GSMQRCB,甘肃民勤农村商业银行股份有限公司
,FNXCWNRCC,抚宁县农村信用联社
,FPXTYURCC,富平县农村信用合作联社
,FYZHRCC,阜阳颍淮农村商业银行
,HXRCB,贵州花溪农村商业银行
,SDZPRCB,山东邹平农村商业银行
,YANCRCC,延安农村商业银行
,GZHZRCB,贵州赫章农村商业银行
,JSXYRCB,江苏盱眙农村商业银行
,GZDZRCB,贵州道真农村商业银行
,HBZSSQORCC,湖北浠水农村商业银行
,AHWHRCC,安徽五河农村商业银行
,QXGSORCC,乾县农村信用合作联社
,HBJXRCB,河北井陉农村商业银行
,GSLXRCB,甘肃礼县农村商业银行股份有限公司
,BCRCB,白城农村商业银行股份有限公司
,YXNCRCC,易县农村信用联社
,HNCLSRCB,湖南慈利农村商业银行股份有限公司
,JSBHRCB,江苏滨海农村商业银行
,YZRCB,江苏仪征农村商业银行
,GSLZRCB,甘肃临洮农村商业银行
,HNBANK,海南银行股份有限公司
,GZSNRCB,贵州思南农村商业银行股份有限公司
,HBLZRCB,河北滦州农村商业银行
,TRRCB,铜仁农村商业银行
,SDZCERHRCC,山东郓城农村商业银行
,SXDBRCC,陕西定边农村商业银行
,SCXNCRRCC,莎车县农村信用合作联社
,JSFNRCB,江苏阜宁农村商业银行
,SXXYUARRCC,山西孝义农村商业银行
,HBKCRCB,河北宽城农村商业银行
,FJNPRCB,福建南平农村商业银行
,SXLZRCC,山西临猗农村商业银行
,SCXGCKRCC,水城县农村信用合作联社
,HBJLJNYRCC,湖北监利农村商业银行
,SXJXIUDRCC,山西介休农村商业银行
,ZGCCB,自贡银行
,HJSRCC,河间市农村信用合作联社
,AHDZRCC,安徽东至农村商业银行
,LNXMRCB,辽宁新民农村商业银行股份有限公司
,SDBXRCC,山东博兴农村商业银行
,HBHMRCC,湖北黄梅农村商业银行
,GSDHRCB,甘肃敦煌农村商业银行股份有限公司
,FJLHRCB,福建龙海农村商业银行股份有限公司
,QHDTRCC,青海大通农村商业银行
,TEIBC,中国进出口银行
,HNNYRCB,湖南宁远农村商业银行股份有限公司
,HBBYRCB,河北蠡州北银农村商业银行股份有限公司
,JSJHRCB,江苏建湖农村商业银行
,LJXXQERCC,连江县农村信用合作联社
,ZJTSRCC,浙江泰顺农村商业银行
,TLBANK,铁岭银行
,QLMZRCC,青龙满族自治县农村信用联社
,XJAKSRCC,新疆阿克苏农村商业银行
,HNHSRCB,湖南汉寿农村商业银行股份有限公司
,FJLJNCCB,福建连江农村商业银行
,LYYDQRCC,龙岩市永定区农村信用合作联社
,QHDSQRCC,秦皇岛市区农村信用合作联社
,SXCZRCC,山西长子农村商业银行
,SDGMRCC,山东高密农村商业银行
,SXLSRCC,山西灵石农村商业银行
,HNAHRCB,湖南安化农村商业银行股份有限公司
,ZAXYUZRCC,正安县农村信用合作联社
,BDMCRCC,保定市满城区农村信用联社
,ZZZJRCC,湖南株洲珠江农村商业银行
,SXFGRCC,陕西府谷农村商业银行
,DCXZHZRCC,大城县农村信用合作联社
,QXXRCC,迁西县农村信用合作联社
,HBHYRCB,河北黄骅农村商业银行股份有限公司
,LNKDRCB,辽宁宽甸农村商业银行股份有限公司
,SDLZOSWRCC,山东莱州农村商业银行
,PZBANK,盘锦银行
,CXNCRCC,沧县农村信用联社
,SXYCBMCRCC,山西榆次农村商业银行
,ZJJSBHARCC,浙江嘉善农村商业银行
,HBSRCB,河北涉县农村商业银行股份有限公司
,TCRCB,江苏太仓农村商业银行
,JLSLRCB,吉林舒兰农村商业银行
,JLDFRCB,吉林东丰农村商业银行股份有限公司
,AQNCRCC,安庆农村商业银行
,STSCYRCC,汕头市潮阳农村信用合作联社
,ZZSILZRCC,儋州市农村信用合作联社
,YCXZOFRCC,永春县农村信用合作联社
,ADRCB,湖南东安农村商业银行股份有限公司
,NYXRCC,纳雍县农村信用合作联社
,AHWJRCC,安徽望江农村商业银行
,GZLPRCB,贵州黎平农村商业银行股份有限公司
,AHHSTZFRCC,安徽霍山农村商业银行
,GSYCRCB,甘肃永昌农村商业银行股份有限公司
,LRCB,江苏溧水农村商业银行
,SXZQRCC,山西左权农村商业银行
,WNSRCC,万宁市农村信用合作联社
,HBYXKPPRCC,湖北郧县农村商业银行
,NXWZRCC,宁夏吴忠农村商业银行
,DHRCB,江苏东海农村商业银行
,ZJWCRCC,浙江文成农村商业银行
,CHXNGGRCC,册亨县农村信用合作联社
,WZXRCC,望谟县农村信用合作联社
,SXWTRCC,山西五台农村商业银行
,XJWSRCC,新疆乌苏农村商业银行
,DYRCB,贵州都匀农村商业银行
,HBHCRCC,湖北汉川农村商业银行
,DHXRCC,德化县农村信用合作联社
,HBQHRCB,河北清河农村商业银行
,AHSSRCC,安徽宿松农村商业银行
,JSTZRCB,江苏泰州农村商业银行
,HNHNRCB,湖南衡南农村商业银行股份有限公司
,ASRCB,鞍山农村商业银行
,JZKFQRCC,晋中开发区农村商业银行
,JZRCU,河北晋州农村商业银行
,RHNSH,贵州仁怀茅台农村商业银行
,ZJYHMJDRCC,浙江玉环农村商业银行
,LNDTRCB,辽宁灯塔农村商业银行股份有限公司
,SXHDRCC,山西洪洞农村商业银行
,HBXGRCC,湖北孝感农村商业银行
,GZZYHHGNCB,贵州遵义红花岗农村商业银行股份有限公司
,AHYXRCC,安徽岳西农村商业银行
,FASRCC,福安市农村信用合作联社
,HBWXRCC,湖北武穴农村商业银行
,GSNXRCC,甘肃宁县农村合作银行
,GZWDRCB,贵州乌当农村商业银行
,GZTXRCB,贵州桐梓农村商业银行股份有限公司
,ZJKXHRCB,张家口市宣化农村信用合作联社
,BYNEHTRCC,巴彦淖尔河套农村商业银行
,SXCZLDRCC,山西长治黎都农村商业银行
,LYXWVWRCC,隆尧县农村信用合作联社
,SXDFRCC,陕西丹凤农村商业银行
,BDXSQRCC,保定市徐水区农村信用合作联社
,SXXXSJKRCC,山西兴县农村商业银行
,SDDTRCC,山东定陶农村商业银行
,THRCB,通化农村商业银行
,LZXBNGRCC,临漳县农村信用合作联社
,SDCYRCC,山东昌邑农村商业银行
,SDWSRCC,山东微山农村商业银行
,GZKLBANK,贵州凯里农村商业银行
,SYXDRORCC,三原县农村信用合作联社
,HLSUVFRCC,海伦市农村信用合作联社
,HNYZRCB,湖南宜章农村商业银行股份有限公司
,SDRCRCC,山东荣成农村商业银行
,SDZNRCC,山东莒南农村商业银行
,LSXOMIRCC,梨树县农村信用合作联社
,GGXRCC,甘谷县农村信用合作联社
,GCXRCC,故城县农村信用联社
,IKNQNCSYIAA,山东临清农村商业银行
,SZXJIWRCC,绥中县农村信用合作社联合社
,AHQYRCC,安徽青阳农村商业银行
,ZZXWYSRCC,湟中县农村信用合作联社
,TLNCRCC,铜陵农村商业银行
,SXBJWBRCC,陕西宝鸡渭滨农村商业银行
,SDDMRCC,山东东明农村商业银行
,XTRCB,湘潭农村商业银行股份有限公司
,GSZLRCB,甘肃庄浪农村商业银行股份有限公司
,TXQEKRCC,唐县农村信用合作联社
,ZJLQTADRCC,浙江龙泉农村商业银行
,SDLLVRNRCC,山东兰陵农村商业银行
,LHSRCC,凌海市农村信用合作联社
,LYLZRCB,山东临沂罗庄农村商业银行
,YJRCB,吉林永吉农村商业银行
,HANABANK,韩亚银行
,AHCFRCC,安徽长丰农村商业银行
,HBJZRCB,河北景州农村商业银行股份有限公司
,HNCMRCC,海南澄迈农村商业银行
,XYXCOVRCC,昔阳县农村信用合作联社
,AHQMRCC,安徽祁门农村商业银行
,KYSXOPRCC,开原市农村信用合作联社
,XTBXNCSYHRB,浙江兰溪农村商业银行
,JCXRCRRCC,建昌县农村信用合作社联合社
,HNRCRCB,湖南汝城农村商业银行股份有限公司
,SDCLRCC,山东昌乐农村商业银行
,ZJDYRCC,浙江东阳农村商业银行
,ZJJHCTRCC,浙江金华成泰农村商业银行
,GSJCRCB,甘肃泾川农村商业银行股份有限公司
,DXXRCC,定兴县农村信用联社
,HBXHRCC,河北香河农村商业银行
,JLDARCB,吉林大安农村商业银行
,SDLZEJERCC,山东临朐农村商业银行
,CXEAWRCC,成县农村信用合作联社
,ZJPYRCC,浙江平阳农村商业银行
,GZTZRCB,贵州天柱农村商业银行股份有限公司
,SXBXRCC,陕西彬县农村商业银行
,AHZXWOYRCC,安徽泾县农村商业银行
,SDJNZZRCC,山东济宁兖州农村商业银行
,FSB,华一银行
,NQXCHFRCC,宁强县农村信用合作联社
,ZJLHRCC,浙江临海农村商业银行
,FJZZRCB,福建漳州农村商业银行
,ZJSMRCC,浙江三门农村商业银行
,TYXXMQRCC,通榆县农村信用合作社联合社
,CCXYQCRCC,澄城县农村信用合作联社
,ZYXMLYRCC,泾阳县农村信用合作联社
,SXTLRCC,山西屯留农村商业银行
,SHBLQCNXRCC,绥化市北林区农村信用合作联社
,SDZXMPIRCC,山东莘县农村商业银行
,FJSHRCB,福建上杭农村商业银行
,SCB,渣打银行
,HHNCRCC,黑河农村商业银行
,ZBBSRCC,淄博博山农村商业银行
,HMBANK,哈密市商业银行
,LQXAFXRCC,礼泉县农村信用合作联社
,XJKELRCB,新疆库尔勒农村商业银行股份有限公司
,HBGSRCC,湖北广水农村商业银行
,CZZZRCC,长治漳泽农村商业银行
,SXSDRCC,陕西绥德农村商业银行
,JIANGSU,江苏金湖农村商业银行
,HNNXXRCB,湖南南县农村商业银行股份有限公司
,GSQARCB,甘肃秦安农村商业银行股份有限公司
,SXXFRCC,山西襄汾农村商业银行
,SDYNRCC,山东沂南农村商业银行
,SXZARCC,陕西镇安农村商业银行
,HBLLRCB,河北卢龙农村商业银行
,SYNCRCC,三亚农村商业银行
,LLXERURCC,卢龙县农村信用合作联社
,SDJXTJMRCC,山东嘉祥农村商业银行
,ZJTLRCC,浙江桐庐农村商业银行
,AXXNKZRCC,安新县农村信用联社
,SDQFRCC,山东曲阜农村商业银行
,HNTYRCB,湖南桃源农村商业银行股份有限公司
,HYXPTMRCC,合阳县农村信用合作联社
,SXFXIGARCC,陕西凤翔农村商业银行
,LNFRCB,辽宁凤城农村商业银行股份有限公司
,HNZXRCB,湖南资兴农村商业银行股份有限公司
,HBXNRCC,湖北咸宁农村商业银行
,GZWCRCB,贵州务川农村商业银行
,JSGNRCB,江苏灌南农村商业银行股份有限公司
,DSQRCB,辽宁大石桥农村商业银行股份有限公司
,FDSRCC,福鼎市农村信用合作联社
,HNHRRCB,湖南华容农村商业银行股份有限公司
,SDJYRCTRCC,山东济阳农村商业银行
,SXJBRCC,陕西靖边农村商业银行
,GSTZRCB,甘肃天祝农村商业银行股份有限公司
,HBSZUCDRCC,湖北松滋农村商业银行
,USAYHDNCIRM,山东临沂河东农村商业银行
,HNXJRCB,湖南湘乡农村商业银行股份有限公司
,SDAQRCC,山东安丘农村商业银行
,ZJCSRCC,浙江常山农村商业银行
,SDZCIUBRCC,山东周村农村商业银行
,DZRCC,德州农村商业银行
,LLSLSQRCC,山西省吕梁市离石区农村信用合作联社
,JSGCRCB,江苏高淳农村商业银行
,HDSLDQRCC,海东市乐都区农村信用合作联社
,JMSSJQWMRRCC,黑龙江省佳木斯市郊区农村信用联社
,HKSRCC,海口市农村信用合作联社
,HBGARCC,湖北公安农村商业银行
,GSXHB,甘肃西和农村商业银行股份有限公司
,SXHCRCC,陕西韩城农村商业银行
,CTXEZURCC,长汀县农村信用合作联社
,RZDGRCC,日照东港农村商业银行
,SLSCCC,双辽市农村信用合作联社
,DJXRCC,德江县农村信用合作联社
,HNLSRCB,湖南蓝山农村商业银行股份有限公司
,SDYYRCC,山东沂源农村商业银行
,AHNGRCC,安徽宁国农村商业银行
,PCKYNCSYXIW,山东宁阳农村商业银行
,BIYMNCSYBHJ,湖北荆门农村商业银行
,JYRCU,甘肃靖远农村商业银行
,SDJXTVZRCC,山东金乡农村商业银行
,YCXAMURCC,叶城县农村信用合作联社
,GZDJNCSYYH,贵州德江农村商业银行
,HNSMRCB,湖南石门农村商业银行股份有限公司
,GSKXRCB,甘肃康县农村商业银行股份有限公司
,HBYXWLTRCC,湖北阳新农村商业银行
,ZYXTZRRCC,镇原县农村信用合作联社
,SDZXGLARCC,山东莒县农村商业银行
,WNSHZQRCC,渭南市华州区农村信用合作联社
,HBZSKZIRCC,湖北竹山农村商业银行
,YTXAHCRCC,永泰县农村信用合作联社
,WXZJXRCC,温县农村信用合作联社
,WTNSQNCXIQZ,郑州市市区农村信用合作联社
,FYSNDARCC,扶余市农村信用合作联社
,NBZZNCSYYOW,安徽固镇农村商业银行
,XPSRCC,兴平市农村信用合作联社
,SDHMRCC,山东惠民农村商业银行
,YHTJZRCC,沿河土家族自治县农村信用合作联社
,ZYXUOSRCC,涞源县农村信用联社
,TAZYRCC,泰安岱岳农村商业银行
,MXPWURCC,梅县农村信用合作联社
,HXXCARCC,环县农村信用合作联社
,HBHHRCC,湖北洪湖农村商业银行
,HBZBRCB,河北张北农村商业银行
,SDZPRCC,山东茌平农村商业银行
,JLJHRCB,吉林蛟河农村商业银行
,SDYCRCB,山东禹城农村商业银行
,JJONCSYYXGFYXGS,福建建瓯农村商业银行股份有限公司
,CSSRCC,赤水市农村信用合作联社
,HDFFKQRCC,邯郸市峰峰矿区农村信用合作联社
,GZYJNCCB,贵州印江农村商业银行
,ZLXKZVRCC,涿鹿县农村信用合作联社
,HNARRCB,湖南安仁农村商业银行股份有限公司
,QYXRCC,曲阳县农村信用合作联社
,SXLXRCC,陕西陇县农村商业银行
,BTSRCC,泊头市农村信用联社
,ZJZSRCC,浙江岱山农村商业银行
,ZJLYRCC,浙江龙游农村商业银行
,ZWXMRSRCC,彰武县农村信用合作联社
,LXRCB,临夏农村商业银行股份有限公司
,JLTHRCB,吉林通化海科农村商业银行股份有限公司
,ZJPHRCC,浙江平湖农村商业银行
,HSXTIFRCC,黑山县农村信用合作联社
,AHHSZMURCC,安徽含山农村商业银行
,SQNSNCSYUIH,湖北京山农村商业银行
,SDCWRCC,山东成武农村商业银行
,SDWDRCC,山东文登农村商业银行
,SZXMDYRCC,石阡县农村信用合作联社
,ZJHYRCC,浙江海盐农村商业银行
,ZJSCRCC,浙江遂昌农村商业银行
,GZLLRCB,贵州龙里农村商业银行股份有限公司
,SXXYKODRCC,山西襄垣农村商业银行
,GZWARCB,瓮安农村商业银行
,SXZZNCRCB,陕西周至农村商业银行
,HBLSRCB,河北涞水农村商业银行股份有限公司
,HNJSSRCB,湖南吉首农村商业银行股份有限公司
,HNQDRCC,湖南祁东农村商业银行
,LNGZRCB,辽宁盖州农村商业银行
,SXHGRCC,山西壶关农村商业银行
,QSXLORRCC,清水县农村信用合作联社
,AHLBRCB,安徽灵璧农村商业银行
,TLWJRCC,铜陵皖江农村商业银行
,CLXERQRCC,长岭县农村信用合作联社
,WXIWJRCC,威县农村信用合作联社
,HNDXRCB,湖南道县农村商业银行股份有限公司
,SXXYQDRCC,陕西咸阳秦都农村商业银行
,SDPYFRLRCC,山东平邑农村商业银行
,ZJWYRCC,浙江武义农村商业银行
,SDQHRCC,山东齐河农村商业银行
,SDKLRCC,山东垦利农村商业银行
,GZMTRCB,贵州湄潭农村商业银行
,YJXFUURCC,印江土家族苗族自治县农村信用合作联社
,SXHMRCC,山西侯马农村商业银行
,FXRCB,阜新农村商业银行
,SDFXRCC,山东费县农村商业银行
,LZTQRCC,六枝特区农村信用合作联社
,ZJXCRCC,浙江新昌农村商业银行
,HBZLRCB,河北涿鹿农村商业银行
,HBESRCC,湖北恩施农村商业银行
,SXXYWCRCC,陕西咸阳渭城农村商业银行
,HBXXRCB,河北献县农村商业银行
,XJSHZRCC,新疆石河子农村合作银行
,UYXNCXYHBYV,喀左县农村信用合作联社
,JZXKZBRCC,鸡泽县农村信用合作联社
,SXTGRCC,山西太谷农村商业银行
,HBFXRCC,湖北房县农村商业银行
,CCXOGWRCC,赤城县农村信用联社
,HNYXSRCB,湖南永兴农村商业银行股份有限公司
,HBDYYETRCC,湖北大冶农村商业银行
,GSGLRCB,甘肃古浪农村商业银行
,FJJCNCSYNFJ,湖北宜城农村商业银行
,HLGERCC,和林格尔农村信用合作联社
,SYXOANRCC,绥阳县农村信用合作联社
,AHZXWYXRCC,安徽泗县农村商业银行
,JTLJCZYH,农安北银村镇银行
,DGXPJNRCC,东光县农村信用联社
,HSTPRCC,黄山太平农村商业银行
,HBYCRCC,湖北应城农村商业银行
,HBYSRCC,湖北英山农村商业银行
,YSXPKXRCC,盐山县农村信用联社
,YACCB,雅安市商业银行
,GZQZRCB,贵州清镇农村商业银行股份有限公司
,QCXQQBRCC,庆城县农村信用合作联社
,LYXIGGRCC,略阳县农村信用合作联社
,YXTRZRCC,义县农村信用合作联社
,HLJZDSRCC,黑龙江省肇东市农村信用联社
,YCXASHRCC,翼城县农村信用合作联社
,WHJSRCC,芜湖津盛农村商业银行
,SDGTRCC,山东高唐农村商业银行
,ZJQYRCC,浙江庆元农村商业银行
,SXQXRCC,山西清徐农村商业银行
,HNXTTYRCB,湖南湘潭天易农村商业银行股份有限公司
,FXXXMZRCC,肥乡县农村信用合作联社
,AHNLRCC,安徽南陵农村商业银行
,XTXRCC,行唐县农村信用联社
,JLLHNSB,吉林柳河农村商业银行股份有限公司
,SXZSMNRRCC,陕西柞水农村商业银行
,NXGYRCC,宁夏固原农村商业银行
,NMWYRCC,内蒙古五原农村商业银行
,NGSRCC,南宫市农村信用联社
,DTXBPURCC,大田县农村信用合作联社
,XLSRCC,新乐市农村信用联社
,SDGQRCC,山东高青农村商业银行
,WYXKUORCC,武邑县农村信用联社
,FRCB,佛山农商行
,ZCXUBVRCC,宕昌县农村信用合作联社
,HBDYLDHRCC,湖北当阳农村商业银行
,SXHQXRCC,山西省河曲县农村信用合作联社
,KCXRCC,库车县农村信用合作联社
,ZSEBANK,中山农村商业银行
,GDDPRCB,广东大埔农村商业银行股份有限公司
,GSGZB,甘肃瓜州农村商业银行股份有限公司
,HBAPRCB,河北安平农村商业银行
,GZZYHCNCB,贵州遵义汇川农村商业银行股份有限公司
,HNLDRCB,湖南娄底农村商业银行股份有限公司
,SDSHRCC,山东商河农村商业银行
,XJWLMQRCC,新疆乌鲁木齐农村商业银行
,SDYGRCB,山东阳谷农村商业银行
,XFXSBERCC,西丰县农村信用合作社联合社
,HBJLRCB,河北巨鹿农村商业银行
,FJZPRCC,福建漳平农村商业银行
,HNTJRCB,湖南桃江农村商业银行股份有限公司
,GSLTRCB,甘肃灵台农村商业银行
,JCRCB,晋城农村商业银行股份有限公司
,HBYXROERCC,湖北郧西农村商业银行
,HXROZRCC,徽县农村信用合作联社
,SXWXJSWRCC,山西武乡农村商业银行
,HBSSRCC,湖北石首农村商业银行
,SDZCQRMRCC,山东郯城农村商业银行
,SXZBRCC,陕西镇巴农村商业银行
,KMCGQRCC,昆明市呈贡区农村信用合作联社
,QXINDRCC,青县农村信用合作联社
,ZSXSSJRCC,岐山县农村信用合作联社
,WSXXURRCC,武山县农村信用合作联社
,SXHYRCC,陕西汉阴农村商业银行
,DZXAADRCC,丹寨县农村信用合作联社
,QXLGFRCC,沁县农村信用合作联社
,LNHLRCB,辽宁桓仁农村商业银行
,HNLWRCB,湖南临武农村商业银行股份有限公司
,GZFGRCB,贵州凤冈农村商业银行
,WJXRCC,无极县农村信用合作联社
,BZSQBRRCC,北镇市农村信用合作联社
,MMCYNCSYXTE,浙江松阳农村商业银行
,SDLLXXGRCC,山东乐陵农村商业银行
,SXZYBJRRCC,陕西紫阳农村商业银行
,KYXRCC,开阳县农村信用合作联社
,QXEPLRCC,祁县农村信用合作联社
,XSNSRCB,江苏响水农村商业银行
,GSMXRCB,甘肃岷县农村商业银行
,SDPLRCC,山东蓬莱农村商业银行
,YCNCSXSRCC,伊春农村商业银行
,MQXJGKRCC,闽清县农村信用合作联社
,SDFCRCC,山东肥城农村商业银行
,ZJXSWNRCC,榕江县农村信用合作联社
,QSXRORRCC,沁水县农村信用合作联社
,NBCBANK,宁波通商银行
,JJGSSQNCNJX,双鸭山市市区农村信用联社
,HBLXRCB,河北临西农村商业银行股份有限公司
,JLHJRCB,吉林浑江农村商业银行股份有限公司
,QYRCB,庆阳农村商业银行股份有限公司
,WOORI,友利银行
,HNYLRCB,湖南炎陵农村商业银行股份有限公司
,LZXXISRCC,辽中县农村信用合作联社
,SXLLRCC,山西柳林农村商业银行
,FJSMRCB,福建三明农村商业银行
,NCNCRCC,南昌农村商业银行
,YXXRXQRCC,尤溪县农村信用合作联社
,SXSNRCC,陕西商南农村商业银行
,BYSBYQRCC,白银市白银区农村信用合作联社
,ZJJDRCC,浙江建德农村商业银行
,SXLCYFXRCC,山西潞城农村商业银行
,MHKSRCC,梅河口市农村信用合作联社
,NPRCB,河北南皮农村商业银行
,SXZZGAVRCC,陕西子洲农村商业银行
,HSB,恒生银行
,SPSCQRCC,四平市城区农村信用合作联社
,FKXZDORCC,法库县农村信用合作联社
,FYSCVMRCC,汾阳市农村信用合作联社
,CZLZRCB,长治潞州农村商业银行股份有限公司
,SDDARCC,山东东阿农村商业银行
,XWXROFRCC,修文县农村信用合作联社
,HBHGRCC,湖北黄冈农村商业银行
,HBDWRCC,湖北大悟农村商业银行
,HBFCRCB,河北阜城农村商业银行
,PCXBWRRCC,浦城县农村信用合作联社
,JXGFRCC,江西广丰农村商业银行
,CYSTQRCC,朝阳市双塔区农村信用合作联社
,WJZYFDCZYH,围场满族蒙古族自治县华商村镇银行
,SXLCDAARCC,山西黎城农村商业银行
,SDWHRCC,山东威海农村商业银行
,HLJNJRCC,黑龙江嫩江农村商业银行
,SXZGRCC,陕西岚皋农村商业银行
,HNJHRCB,湖南江华农村商业银行
,LDSRCC,罗定市农村信用合作联社
,SXSQRCC,陕西石泉农村商业银行
,SDYTRCC,山东鱼台农村商业银行
,ZGEMTRCC,准格尔煤田农村信用合作联社
,SDLZYKMRCC,山东临沭农村商业银行
,CSXRCC,长顺县农村信用合作联社
,GYXEVIRCC,高阳县农村信用联社
,WPXRCC,武平县农村信用合作联社
,TWXRCC,通渭县农村信用合作联社
,SXHYXRCC,山西省浑源县农村信用合作联社
,HBZJRCC,湖北枝江农村商业银行
,DSSNCXYHEAU,康平县农村信用合作联社
,JLJARCB,吉林集安农村商业银行股份有限公司
,FJPTRCC,福建平潭农村商业银行
,HBCYSKDRCC,湖北长阳农村商业银行
,SXSYQCORCC,山西寿阳农村商业银行
,HNXTRCB,湖南新田农村商业银行股份有限公司
,SXBHRCC,陕西白河农村商业银行
,QHHZSNKRCC,青海互助农村商业银行
,JTXNEPRCC,景泰县农村信用合作联社
,BSXRCC,白水县农村信用合作联社
,NXZWRCC,宁夏中卫农村商业银行
,SXSYDIWRCC,山西山阴农村商业银行
,LBRCB,贵州荔波农村商业银行
,GSGTRCB,甘肃高台农村商业银行股份有限公司
,GSYMRCB,甘肃玉门农村商业银行股份有限公司
,SDXJRCB,山东夏津农村商业银行
,GZZBW,贵州独山农村商业银行
,GZXWRCB,贵州修文农村商业银行
,HBBDRCC,湖北巴东农村商业银行
,QZXRCC,曲周县农村信用合作联社
,HBTSCFDRCB,河北唐山曹妃甸农村商业银行
,SZSHRXRCC,山西省朔州市怀仁县农村信用合作联社
,HNLGRCC,海南临高农村商业银行
,SDMYRCC,山东蒙阴农村商业银行
,FPXDDARCC,阜平县农村信用合作联社
,BJJTQRCC,宝鸡市金台区农村信用合作联社
,HNNHRCB,河北南和农商行股份有限公司
,SXSLXVPLRCC,山西省临县农村信用合作联社
,SDNJRCC,山东宁津农村商业银行
,GZHSNCB,贵州惠水农村商业银行股份有限公司
,SXSYXRCC,山西省应县农村信用合作联社
,JTXPYVRCC,金塔县农村信用合作联社
,EFEYNCSYVFS,湖北沙洋农村商业银行
,JXSGRCC,江西上高农村商业银行
,LNSBRCB,辽宁沈本农村商业银行股份有限公司
,SXMZRCC,陕西米脂农村商业银行
,JSYZRCB,江苏扬中农村商业银行
,WXVCNCSYRKH,德州陵城农村商业银行
,NJXIZYRCC,南靖县农村信用合作联社
,AHFCRCC,安徽繁昌农村商业银行
,LBRCU,灵宝市农村信用合作联社
,NMETKRCC,内蒙古鄂托克农村商业银行
,DFSRCC,东方市农村信用合作联社
,WSHYBANK,尉氏合益村镇银行
,NHXNUZRCC,宁化县农村信用合作联社
,LPSNCB,六盘水农村商业银行股份有限公司
,YTMZRCC,伊通满族自治县农村信用合作联社
,GZHPRCB,贵州黄平农村商业银行股份有限公司
,HBYDRCC,湖北宜都农村商业银行
,SZSTDZRCC,尚志市农村信用合作联社
,SDWLRCC,山东五莲农村商业银行
,HBALRCC,湖北安陆农村商业银行
,JLZLRCB,吉林镇赉农村商业银行股份有限公司
,ZHXFDMRCC,赞皇县农村信用合作联社
,HBGCRCC,湖北谷城农村商业银行
,LNDWRCB,辽宁大洼农村商业银行股份有限公司
,GSMLRCB,甘肃民乐农村商业银行股份有限公司
,GLZRCB,甘肃临泽农村商业银行股份有限公司
,TCYZRCC,铜川市耀州区农村信用合作社联合社
,PJNC,盘锦农村商业银行股份有限公司
,JSHZRCB,江苏洪泽农村商业银行
,SXLQXRCC,山西省灵丘县农村信用合作联社
,FFXRCC,扶风县农村信用合作联社
,GTXXAWRCC,古田县农村信用合作联社
,HNHHRCB,湖南花垣农村商业银行股份有限公司
,VLFNCXYHRTP,东辽县农村信用合作联社
,CAXRCC,成安县农村信用合作联社
,FJSXRCB,福建沙县农村商业银行
,LYJQRCB,辽源农村商业银行
,SDLSRCC,山东梁山农村商业银行
,SXYJRCC,山西永济农村商业银行
,WQXJWQRCC,吴桥县农村信用联社
,WSQRCC,乌审旗农村信用合作联社
,PBXSZGRCC,平坝县农村信用合作联社
,SDZSXDERCC,山东泗水农村商业银行
,SPXVGFRCC,顺平县农村信用联社
,HBCBRCC,湖北赤壁农村商业银行
,PSXDABRCC,盘山县农村信用合作联社
,RCXRCC,容城县农村信用合作联社
,SDLCRCRCB,山东聊城润昌农村商业银行
,GSSDRCB,甘肃山丹农村商业银行股份有限公司
,GZPARCB,贵州普安农村商业银行
,SXQYWJERCC,山西沁源农村商业银行
,GSSWYXRCC,甘肃省渭源县农村信用合作联社
,HBHARCC,湖北红安农村商业银行
,YKRSBANK,营口融生农村商业银行
,HBNZRCC,湖北南漳农村商业银行
,SXQJRCC,陕西清涧农村商业银行
,SCXICRRCC,顺昌县农村信用合作联社
,TSSRCC,台山市农村信用合作联社
,LCXKJHRCC,连城县农村信用合作联社
,HNJYRCC,河南济源农村商业银行
,FJNDRCC,福建宁德农村商业银行
,HBYMRCC,湖北云梦农村商业银行
,SDLJRCC,山东利津农村商业银行
,SXYSRCC,山西榆社农村商业银行
,XJSWRCC,新疆沙湾农村商业银行
,HCXWAXRCC,华池县农村信用合作联社
,BOSH,新韩银行
,SDLYSFDRCC,山东临邑农村商业银行
,WGXRCC,武功县农村信用合作联社
,HYSRCC,华阴市农村信用合作联社
,ZNSRCC,洮南市农村信用合作联社
,HBZXRCC,湖北竹溪农村商业银行
,SXLXRCB,山西岚县农村商业银行股份有限公司
,WCXZRORCC,武川县农村信用合作联社
,SXYQJJGRCC,山西垣曲农村商业银行
,LDLZRCC,乐东黎族自治县农村信用合作联社
,TCYTRCC,铜川市印台区农村信用合作社联合社
,XZHHRCB,徐州淮海农村商业银行
,GXTDRQGRCC,广西田东农村商业银行
,NPJYQRCC,南平市建阳区农村信用合作联社
,HBLTRCC,湖北罗田农村商业银行
,SXBDXRCC,山西省保德县农村信用合作联社
,HNGYRCB,河南巩义农村商业银行股份有限公司
,GZPDRCB,贵州普定农村商业银行
,GZALBANK,贵州安龙农村商业银行
,HBRXRCB,河北任县农村商业银行
,NXLWRCC,宁夏灵武农村商业银行
,HNLLSRCB,湖南临澧农村商业银行股份有限公司
,SDZCZVLRCC,山东鄄城农村商业银行
,SYNJQRCC,松原市宁江区农村信用合作联社
,KMSJNQRCB,昆明市晋宁区农村信用合作联社
,JMRCB,江门农村商业银行
,JPXNIQRCC,锦屏县农村信用合作联社
,HAXDUPRCC,怀安县农村信用联社
,SXWRRCB,山西万荣农村商业银行股份有限公司
,LCXCZJRCC,陵川县农村信用合作联社
,CHXFJXRCC,淳化县农村信用合作社联合社
,ALSRCC,阿拉善农村商业银行
,NXZNRCC,宁夏中宁农村商业银行
,XYXJZBRCC,旬邑县农村信用合作联社
,SDZYRCC,山东招远农村商业银行
,HNSPRCB,湖南双牌农村商业银行
,SXDTXRCC,山西省大同县农村信用合作联社
,NXHLRCC,宁夏贺兰农村商业银行
,TLFSRCC,吐鲁番市农村信用合作联社
,QTXSRCC,青铜峡市农村信用合作联社
,JZJFRCC,焦作解放农村商业银行
,YSXDJWRCC,永寿县农村信用合作联社
,QZLZMZRCC,琼中黎族苗族自治县农村信用合作联社
,HLJFJSRCC,黑龙江省富锦市农村信用联社
,YLXSDHRCC,宜良县农村信用合作联社
,HNCLRCB,湖南茶陵农村商业银行股份有限公司
,SXWQRCC,陕西吴起农村合作银行
,HBLHKRCC,湖北老河口农村商业银行
,KPSRCC,开平市农村信用合作联社
,XJQTRCC,新疆奇台农村商业银行
,SXXXRCB,山西夏县农村商业银行股份有限公司
,PDXNCJRCC,普定县农村信用合作联社
,LYXIFFRCC,罗源县农村信用合作联社
,KBXRCC,康保县农村信用联社
,SDRSRCC,山东乳山农村商业银行
,SXWZXRCC,山西省五寨县农村信用合作联社
,GSHTRCB,甘肃华亭农村商业银行
,HSXEUPRCC,合水县农村信用合作联社
,ZAXEIQRCC,诏安县农村信用合作联社
,HNJHRCU,湖南嘉禾农村商业银行
,NJXLCB,内江兴隆村镇银行
,SXJXZOXRCC,陕西佳县农村商业银行
,SXWXFUMRCC,山西闻喜农村商业银行
,ZZYH,枣庄银行
,TLXEKTRCC,铁岭县农村信用合作联社
,LNQYRCB,辽宁清原农村商业银行股份有限公司
,XJYLRCC,新疆伊犁农村商业银行
,AHLXKQPRCC,安徽郎溪农村商业银行
,QAXLRCRCC,庆安县农村信用合作联社
,HLJBQRCB,黑龙江宝清农村商业银行
,SXNWXRCC,山西省宁武县农村信用合作联社
,SDYXRCC,山东阳信农村商业银行
,XXCXCB,湘西长行村镇银行
,NXXJRCC,宁夏西吉农村商业银行
,DAXRCC,定安县农村信用合作联社
,SXPLMDDRCC,陕西平利农村商业银行
,GHXRCC,广河县农村信用合作联社
,FQRCB,贵州福泉农村商业银行股份有限公司
,HNQYRCC,河南沁阳农村商业银行
,HNRCB,吉林辉南农村商业银行
,XPXRCC,霞浦县农村信用合作联社
,XJYNRCC,新疆伊宁农村商业银行
,HBGYRCB,河北沽源农村商业银行股份有限公司
,AHJXRCC,安徽绩溪农村商业银行
,SXJLRCC,山西静乐农村商业银行股份有限公司
,ZDXDKKRCC,志丹县农村信用合作联社
,BCXZVNRCC,巴楚县农村信用合作联社
,HSXSTURCC,和顺县农村信用合作联社
,GZXRRCB,贵州兴仁农村商业银行
,EMXRCC,额敏县农村信用合作联社
,SXASRCC,陕西安塞农村商业银行
,XJHTBRCC,新疆呼图壁农村商业银行
,HBXFRCC,湖北咸丰农村商业银行
,HBTSRCC,湖北通山农村商业银行
,WSRCB,文水县农村信用合作联社
,SXTZXRCC,山西省天镇县农村信用合作联社
,SYXDXIRCC,尚义县农村信用联社
,NMCZNCSYXTZ,山东无棣农村商业银行
,JYRCB,吉林靖宇农村商业银行
,XJWSRCB,新疆温宿农村商业银行
,HBCYXVYRCC,湖北崇阳农村商业银行
,HNTCRCC,海南屯昌农村商业银行
,HBLCRCC,湖北利川农村商业银行
,QHHYRCB,宁夏海原农村商业银行股份有限公司
,GZQRRCB,贵州晴隆农村商业银行
,HNBSRCB,海南白沙农村商业银行
,QXURYRCC,邱县农村信用合作联社
,XJTCRCC,新疆塔城农村商业银行
,ZXLLPRCC,隰县农村信用合作联社
,HNWZRCB,河南武陟农商行
,YXXVZIRCC,云霄县农村信用合作联社
,GZSDRCB,贵州三都农村商业银行股份有限公司
,HSNCRCC,黄石农村商业银行
,SXPLLFRRCC,山西平陆农村商业银行
,LSLZRCC,陵水黎族自治县农村信用合作联社
,JCRCU,金昌农村商业银行股份有限公司
,LQYZMZRCC,禄劝彝族苗族自治县农村信用合作联社
,HNLSJRCB,湖南冷水江农村商业银行股份有限公司
,GZYQBANK,贵州余庆农村商业银行
,WDLCRCC,黑龙江五大连池农村商业银行
,WDXNCRCC,望都县农村信用联社
,ZHNSB,珠海农村商业银行
,HNXMRCB,河南新密农村商业银行股份有限公司
,WQRCB,河北武强农村商业银行股份有限公司
,FJWYSRCC,福建武夷山农村商业银行
,HXZYFDCZYH,重庆渝北银座村镇银行
,FSXSCXRCC,抚松县农村信用合作联社
,SZYYRCC,山西省朔州市右玉县农村信用合作联社
,JLSYRCB,吉林双阳农村商业银行
,YNYXHTRCC,云南玉溪红塔农村商业银行
,HZXHLCRCC,和政县农村信用合作联社
,ZJCHZRCC,张家川回族自治县农村信用合作联社
,YNYDRCC,云南寻甸农村商业银行
,BXSSQRCC,本溪市市区农村信用合作社联社
,EXNSNCSYBNY,泰安泰山农村商业银行
,MNSXRCC,玛纳斯县农村信用合作联社
,OCBC,华侨银行
,SDWCRCC,山东武城农村商业银行
,SDPYJBKRCC,山东平原农村商业银行
,HBTFRCC,湖北团风农村商业银行
,CJLZRCC,昌江黎族自治县农村信用合作联社
,YCXSLJRCC,延川县农村信用合作联社
,HAXBSTRCC,华安县农村信用合作联社
,HBXCRCC,湖北孝昌农村商业银行
,JSSXRCC,积石山县农村信用合作联社
,HLJADSRCC,黑龙江省安达市农村信用联社
,GZZFBANK,贵州贞丰农村商业银行
,SYSJTQRCC,沈阳市苏家屯区农村信用合作联社
,LDXSXMRCC,罗甸县农村信用合作联社
,IBK,企业银行
,SXZCRCC,山西芮城农村商业银行
,HCXDKLRCC,霍城县农村信用合作联社
,GZGLRCB,贵州关岭农村商业银行股份有限公司
,SNXRCC,寿宁县农村信用合作联社
,LCRCU,河北临城农村商业银行
,SXPSRCC,山西平顺农村商业银行
,MHHZTZRCC,民和回族土族自治县农村信用合作社联社
,NQXPIVRCC,内丘县农村信用合作联社
,HNHHRCC,淮南淮河农村商业银行
,XPCFCB,西平财富村镇银行
,QLXRCC,清流县农村信用合作联社
,SDQXRCC,山东栖霞农村商业银行
,JLLJRCB,吉林临江农村商业银行股份有限公司
,HBTCRCC,湖北通城农村商业银行
,SDEB,顺德农商银行
,ZYRCB,贵州紫云农村商业银行
,JSZZLHCZYH,辽宁大石桥隆丰村镇银行
,SDDPRCC,山东东平农村商业银行
,SXXNRCC,山西乡宁农村商业银行
,XJBLRCC,新疆博乐农村商业银行
,SXMXRCC,陕西眉县农村商业银行
,ZSXLLXRCC,鄯善县农村信用合作联社
,GZCJRCB,贵州从江农村商业银行股份有限公司
,GDPYRCB,广东平远农村商业银行股份有限公司
,ZJTTRCC,浙江天台农村商业银行
,HBBKRCC,湖北保康农村商业银行
,NMETKQQRCC,内蒙古鄂托克前旗农村商业银行
,HBJYRCC,湖北嘉鱼农村商业银行
,JKXXPTRCC,江口县农村信用合作联社
,XJKSRCC,新疆喀什农村商业银行
,SXZYPSRRCC,山西左云农村商业银行
,AWTXRCC,阿瓦提县农村信用合作联社
,GTJA,国泰君安证券股份有限公司
,XXRCC,雄县农村信用合作联社
,HLJBARCC,黑龙江北安农村商业银行
,HLJTLRCC,黑龙江泰来农村商业银行
,YNXYRCC,云南祥云农村商业银行
,WHYRCZYH,广西藤县桂银村镇银行
,HNNYRCC,湖南南岳农村商业银行
,ZQXRCC,舟曲县农村信用合作联社
,HBJSRCC,湖北建始农村商业银行
,STSCHRCC,汕头市澄海农村信用合作联社
,HNDFRCC,河南登封农村商业银行
,HBDJKRCC,湖北丹江口农村商业银行
,GLGMCZYH,桂林国民村镇银行
,SXSCXRCC,山西省神池县农村信用合作联社
,GZMJRCB,贵州麻江农村商业银行股份有限公司
,HSTXRCC,黄山屯溪农村商业银行
,HLJJXPYERCC,黑龙江集贤农村商业银行
,SXFXUOQRCC,陕西富县农村合作银行
,XXNSYH,广东新兴农村商业银行
,YJSXRCC,英吉沙县农村信用合作联社
,SXCWRCC,陕西长武农村商业银行
,SXYGXRCC,山西省阳高县农村信用合作联社
,HNXWRCC,河南修武农村商业银行
,SXQWRCC,山西曲沃农村商业银行
,FSXNVTRCC,抚顺县农村信用社合作社联合社
,LTXBDCRCC,临潭县农村信用合作联社
,ZGXGRKRCC,岑巩县农村信用合作联社
,HBJLGYPRCC,湖北江陵农村商业银行
,XHXZGERCC,新河县农村信用合作联社
,PXXMVNRCC,平乡县农村信用合作联社
,FSSSCQRCC,抚顺市顺城区农村信用合作联社
,HJXTWURCC,和静县农村信用合作联社
,LHSYCBSCZYH,漯河市郾城包商村镇银行
,SWRCB,汕尾农村商业银行
,YNXCZERCC,郁南县农村信用合作联社
,HBZGRCC,湖北秭归农村商业银行
,HNXRCC,桦南县农村信用合作联社
,SXYQIBZRCC,山西阳曲农村商业银行
,LJZYCZYH,深圳福田银座村镇银行
,SXJKXRCC,山西省交口县农村信用合作联社
,HLJQGXRCC,黑龙江省青冈县农村信用联社
,HLJLXXRCC,黑龙江省兰西县农村信用联社
,GPXRCC,广平县农村信用合作联社
,JNXLUVRCC,肃宁县农村信用联社
,YJHLQKQRCC,伊金霍洛旗矿区农村信用合作联社
,HNGDRCB,湖南桂东农村商业银行股份有限公司
,YZHZRCC,焉耆回族自治县农村信用合作联社
,CHBHK,创兴银行
,MYXRCC,墨玉县农村信用合作社联合社
,SLXYKDRCC,疏勒县农村信用合作联社
,HLJWKXRCC,黑龙江省望奎县农村信用联社
,KNWSMDJSDDH,黑龙江省牡丹江市城郊农村信用联社
,HBLFRCC,湖北来凤农村商业银行
,ZJKHRCC,浙江开化农村商业银行
,GZSHRCB,贵州三穗农村商业银行股份有限公司
,RMZZZZXNERE,孟村回族自治县农村信用合作联社
,HNBARCC,河南博爱农村商业银行
,NBBLZYFDCZYH,天津华明村镇银行
,RYXRCC,饶阳县农村信用联社
,JSLDRCB,甘肃两当农村商业银行股份有限公司
,LNXBRCB,辽宁新宾农村商业银行
,SDZSGENRCC,山东汶上农村商业银行
,NLKXRCC,尼勒克县农村信用合作联社
,WHXRCC,五华县农村信用合作联社
,DBXTTWRCC,迭部县农村信用合作联社
,HLJMSELHRCC,黑龙江明水农村商业银行
,JSDTMYCZYH,浙江三门银座村镇银行
,LORJNCSYSUY,浙江浦江农村商业银行
,SXQYORZRCC,陕西千阳农村商业银行
,CITI,花旗银行
,ANSRCC,安宁市农村信用合作联社
,SXFSRCC,山西浮山农村商业银行有限责任公司
,TEGZSSHNPPH,宁夏石嘴山市惠农区农村信用合作联社
,ZNXIYFRCC,正宁县农村信用合作联社
,GDNHRCB,广东南海农村商业银行
,BCXZDGRCC,拜城县农村信用合作联社
,SXSDXRCC,山西省代县农村信用合作联社
,MGTXRCC,麦盖提县农村信用合作联社
,YKRCB,营口农村商业银行
,LBXRCC,留坝县农村信用合作联社
,HNGZRCB,湖南古丈农村商业银行股份有限公司
,HNZYDMJRCC,河南荥阳农村商业银行
,JLXNLLRCC,将乐县农村信用合作联社
,JCJNCXYHIQK,和田县农村信用合作社联合社
,NXTXRCC,宁夏同心农村商业银行
,HXXRCC,海兴县农村信用联社
,QAXSGJRCC,乾安县农村信用合作联社
,HEBYLRCC,哈尔滨市依兰县农村信用联社
,HNLYSRCB,湖南涟源农村商业银行股份有限公司
,ZJYHJPHRCC,浙江云和农村商业银行
,NXNDBFCZYH,浙江桐乡民泰村镇银行
,BYXOOMRCC,博野县农村信用联社
,TNXRCC,泰宁县农村信用合作联社
,ZSXKLERCC,伽师县农村信用合作联社
,GTXFEFRCC,馆陶县农村信用合作联社
,jygrcb,嘉峪关农村商业银行股份有限公司
,XZXLXRCC,新绛县龙兴农村信用合作社
,JXVLZRCC,吉县农村信用合作联社
,AHSZHHCB,安徽宿州淮海村镇银行
,HLJRHRCC,黑龙江饶河农村商业银行
,LSXFJRRCC,雷山县农村信用合作联社
,HEBACQRCC,哈尔滨市阿城区农村信用合作联社
,HNJYRCB,湖南江永农村商业银行
,XHXVBORCC,夏河县农村信用合作联社
,ZCXMYSRCC,子长县农村信用合作联社
,PNXCNMRCC,屏南县农村信用合作联社
,HBXERCC,湖北宣恩农村商业银行
,SXGJRCC,山西古交农村商业银行
,NXLDXRCC,宁夏隆德县农村信用合作联社
,LTXNPZRCC,轮台县农村信用合作联社
,BTMU,三菱东京日联银行
,TCWYRCC,铜川市王益区农村信用合作社联合社
,SXDXXRCC,山西省定襄县农村信用合作联社
,DXZZZXRCC,东乡族自治县农村信用合作联社
,QSHXRCC,清水河县农村信用合作联社
,XHSNCZYH,广西桂平桂银村镇银行
,QJFYFDCZYH,广西平南桂银村镇银行
,RZZSRCC,日照岚山农村商业银行
,CTXZZGRCC,长泰县农村信用合作联社
,KMPLQRCC,昆明市盘龙区农村信用合作联社
,YNXBQWRCC,永宁县农村信用合作联社
,HZSUZNRCC,霍州市农村信用合作联社
,HLJGNRCC,黑龙江甘南农村商业银行
,BSJYNSB,白山江源农村商业银行股份有限公司
,SXFZRCC,山西繁峙农村商业银行
,MXXRCC,明溪县农村信用合作联社
,CJCCB,江苏长江商业银行
,GYXFRMRCC,高邑县农村信用联社
,TJBHHMCZYH,天津滨海惠民村镇银行
,ZJWZDTRCC,浙江温州洞头农村商业银行
,HBWDSRCC,湖北武当山农村商业银行
,AHSTRCC,安徽石台农村商业银行
,HLJSLRCC,黑龙江绥棱农村商业银行
,SXHJRCC,山西河津农村商业银行
,ZPXPOSRCC,泽普县农村信用合作联社
,GZYPRCC,贵州玉屏农村商业银行股份有限公司
,JZMCQRCC,焦作市马村区农村信用合作联社
,SCSRCC,双城市农村信用合作联社
,XYXTVVRCC,新源县农村信用合作联社
,SDHYRCC,山东海阳农村商业银行
,SXPGXRCC,山西省偏关县农村信用合作联社
,NXYCRCC,宁夏盐池农村商业银行
,SDQYRCC,山东庆云农村商业银行
,UOB,大华银行
,HGSSQRTLRCC,黑龙江省鹤岗市市区农村信用联社
,SXFXQPERCC,陕西凤县农村商业银行
,HNMZRCC,河南孟州农村商业银行
,SXZSNFNRCC,山西稷山农村商业银行
,JLHLRCB,吉林和龙农村商业银行股份有限公司
,HBHFRCC,湖北鹤峰农村商业银行
,HLJJSJRCC,黑龙江建三江农村商业银行
,XYPQZYCZYH,信阳平桥中原村镇银行
,JLLRCB,吉林龙井农村商业银行股份有限公司
,SFXRCC,疏附县农村信用合作联社
,PSZJCZYH,安徽铜陵铜源村镇银行
,SXJCRCC,山西交城农村商业银行
,HBYARCC,湖北远安农村商业银行
,HLJTYRCB,黑龙江汤原农村商业银行
,EWWZMZZZHBX,保亭黎族苗族自治县农村信用合作联社
,BTRCC,北屯农村信用合作联社
,LSXHMCZYH,浙江余杭德商村镇银行
,ZJPARCC,浙江磐安农村商业银行
,DSXRCC,东山县农村信用合作联社
,XZBANK,西藏银行
,ZXJWCRCC,漳县农村信用合作联社
,DBS,星展银行（国际）
,HLJBZRCC,黑龙江宾州农村商业银行
,ZHXIHHRCC,政和县农村信用合作联社
,JNXRODRCC,建宁县农村信用合作联社
,CBCEXRCC,察布查尔县农村信用合作联社
,VSQXNCSYVFE,安徽黟县农村商业银行
,SXLCIMHRCC,陕西洛川农村商业银行
,HLJDNRCC,黑龙江东宁农村商业银行
,QHYYRCB,青海湟源农村商业银行
,ZNXPNURCC,卓尼县农村信用合作社联合社
,ZJCXLHCB,浙江长兴联合村镇银行
,HBGZRCB,河北广宗农村商业银行
,NXSZSRCC,宁夏石嘴山农村商业银行
,ZJJNRCC,浙江景宁农村商业银行
,JMSEXRCC,吉木萨尔县农村信用合作联社
,SYXGDMRCC,沙雅县农村信用合作联社
,GXRXGYCZYH,广西容县桂银村镇银行
,SXZXRCC,山西绛县农村商业银行
,GSCXRCB,甘肃崇信农村商业银行股份有限公司
,SXLYRCC,陕西麟游农村商业银行
,HNLSTHBRCC,河南卢氏农村商业银行
,HBWFRCC,湖北五峰农村商业银行
,HTSRCC,和田市农村信用合作社联合社
,JLCCNSB,吉林春城农村商业银行股份有限公司
,SMBC,三井住友银行
,SDPYXPJRCC,山东平阴农村商业银行
,SBXNQERCC,施秉县农村信用合作联社
,SZXUJURCC,深泽县农村信用联社
,HLJFYRCC,黑龙江抚远农村商业银行
,AZXRCC,安泽县农村信用合作联社
,MIHNCXYHEFJ,黄龙县农村信用合作联社
,NXPYRCC,宁夏彭阳农村商业银行
,HLJNASRCC,黑龙江省宁安市农村信用联社
,AHSCZXCZYH,毕节发展村镇银行
,SXKFRCB,山西岢岚农村商业银行
,HBXSRCC,湖北兴山农村商业银行
,JXFXRCC,江西奉新农村商业银行
,QHYSRCC,青海玉树农村商业银行
,LYSRCB,洛阳农商行
,TJXJSBRCC,台江县农村信用合作联社
,FDCZYH,阿拉善左旗方大村镇银行
,PLJNCJCB,平凉市静宁成纪村镇银行
,HLJLBRCC,黑龙江萝北农村商业银行
,YJXADRRCC,宜君县农村信用合作联社
,GSXGJCCZYH,浙江温岭联合村镇银行
,KMDCQRCC,昆明市东川区农村信用合作联社
,HLJSBXRCC,黑龙江省绥滨县农村信用联社
,CYLCQRCC,朝阳市龙城区农村信用合作联社
,BOHUIHE,新疆汇和银行
,JLHCNCB,吉林珲春农村商业银行股份有限公司
,HSSSFHRCC,鹤山市农村信用合作联社
,YCXPFORCC,宜川县农村信用合作联社
,YTDSCZYH,宁夏中宁青银村镇银行
,YNZMRCC,云南嵩明农村商业银行
,JLATRCB,吉林安图农村商业银行
,SXXNSPRCC,松溪县农村信用合作联社
,HMTSCZYH,哈密天山村镇银行
,GLRCC,果洛农村信用合作联社
,ZHRHCZYH,仁寿民富村镇银行
,YPDZRCC,玉屏侗族自治县农村信用合作联社
,ZLHNSCZYH,河南栾川民丰村镇银行
,SXGLXRCC,山西省广灵县农村信用合作联社
,MCB,瑞穗银行
,JZSYQRCC,焦作市山阳区农村信用合作联社
,YCXDZORCC,延长县农村信用合作联社
,GXHXGSCB,广西横县桂商村镇银行
,ZNXUUVRCC,周宁县农村信用合作联社
,SXNSRCC,陕西宁陕农村商业银行
,AHZDRCC,安徽旌德农村商业银行
,SXWBRCC,陕西吴堡农村商业银行
,NDHB,宁波东海银行
,TYLFXRCC,太原市娄烦县农村信用合作社联合社
,HBDCRCB,河北大厂农村商业银行
,XJFKRCC,新疆阜康农村商业银行
,GXRCC,古县农村信用合作联社
,CBCXZRCC,长白朝鲜族自治县农村信用合作联社
,HLJYYRCC,黑龙江友谊农村商业银行
,XJALTRCC,新疆阿勒泰农村商业银行
,JSGYTSCZYH,四川仪陇惠民村镇银行
,ZGXMZFRCC,潼关县农村信用合作联社
,DBSSRCC,调兵山市农村信用合作社联合社
,TJBCB,天津市北辰村镇银行
,NMTKTRCC,内蒙古托克托农村商业银行
,LXXFXBRCC,临夏县农村信用合作联社
,ATSSRCC,阿图什市农村信用合作社联合社
,GSSKLXRCC,甘肃省康乐县农村信用合作联社
,HLJLKXRCC,黑龙江省林口县农村信用联社
,XHXFVYRCC,新和县农村信用合作联社
,SXTBRCC,陕西太白农村商业银行
,QHMYRCC,青海门源农村商业银行
,BXXWBMRCC,柏乡县农村信用联社
,HBJMDDBSCZYH,广西兴安民兴村镇银行
,ZJTZHYHSCZYH,吉林丰满惠民村镇银行
,MBTC,首都银行及信托公司
,XJLZGMCZYH,昆山鹿城村镇银行
,QHGHRCC,青海共和农村商业银行
,JDZCJJYCZYH,松原宁江惠民村镇银行
,BJSYYZCZYH,北京顺义银座村镇银行
,HLGLMYCZYH,天津津南村镇银行
,TCSXLTQNQJV,盘锦市兴隆台区农村信用合作联社
,GZLHXCB,公主岭华兴村镇银行
,ZJJNYZCZYH,河南方城凤裕村镇银行
,HPXASXRCC,广东和平农村商业银行
,ZJZZSDLRCC,浙江嵊泗农村商业银行
,CFSHSQRCC,赤峰市红山区农村信用合作联社
,CBMNSH,长白山农村商业银行
,ZJLQLHCB,浙江乐清联合村镇银行
,HNZYJHCZYH,卢氏中原村镇银行
,LFXJNRSCZYH,济宁儒商村镇银行
,KMXSQRCC,昆明市西山区农村信用合作联社
,JANCRCC,吉安农村商业银行
,JYXLYERCC,嘉荫县农村信用合作联社
,HLJSWRCC,黑龙江孙吴农村商业银行
,SXYLRCC,陕西杨凌农村商业银行
,YPHXRCC,岳普湖县农村信用合作联社
,GZXFBJRCC,光泽县农村信用合作联社
,BTNCRCC,包头农村商业银行
,NXJYRCC,宁夏泾源农村商业银行股份有限公司
,HBBXRCB,河北柏乡农村商业银行
,AHWHYTCZYXCYZ,安徽五河永泰村镇银行
,ZJHNDSCZYH,北京大兴九银村镇银行
,HBSNJRCC,湖北神农架农村商业银行
,JSZYDWCPHU,江苏沭阳东吴村镇银行
,HSHZRCC,黄山徽州农村商业银行
,ZYYCCZYH,正阳玉川村镇银行
,WZSSRCC,五指山市农村信用合作联社
,XJBHRCC,新疆博湖农村商业银行
,HLJZCXRCC,黑龙江省桦川县农村信用联社
,HZSCFGRCC,合作市农村信用合作联社
,FMXRCC,富民县农村信用合作联社
,KMWHQRCC,昆明市五华区农村信用合作联社
,YFSYAQRCC,云浮市云安区农村信用合作联社
,DXLHCZYH,葫芦岛国信村镇银行
,XNZJCZYH,深圳龙岗鼎业村镇银行
,KSRB,昆山农村商业银行
,FJCLTLCZYH,广元市贵商村镇银行
,ZYZYCB,濮阳中原村镇银行
,ZSXJHRRCC,昭苏县农村信用合作联社
,TVKESSQNRTY,齐齐哈尔市市区农村信用合作联社
,LXEABRCC,临县农村信用合作联社
,FXJYCZYH,乐山嘉州民富村镇银行
,XYRHCZYH,襄垣县融汇村镇银行
,YQXHDCZYH,磐石吉银村镇银行
,HNZCAALRCC,河南渑池农村商业银行
,HLJJXTONRCC,黑龙江鸡西农村商业银行
,TAXRCC,台安县农村信用合作社联合社
,FJFDHXCB,福建福鼎恒兴村镇银行
,HLJTHSNBRCC,黑龙江通河农村商业银行
,QHTRRCC,青海同仁农村商业银行
,HLXJJDRCC,黄陵县农村信用合作联社
,HLJHLSRCC,黑龙江省海林市农村信用联社
,JHXMBCRCC,精河县农村信用合作联社
,GLXCDZRCC,巩留县农村信用合作联社
,DNRSCZYH,东宁润生村镇银行
,SLXLUGRCC,石楼县农村信用合作联社
,SFRCB,辽宁沈抚农村商业银行股份有限公司
,TKYXRCC,托克逊县农村信用合作联社
,YXSJCQRCC,玉溪市江川区农村信用合作联社
,AKTXRCC,阿克陶县农村信用合作社联合社
,KMALHNSCZYH,庆阳市西峰瑞信村镇银行
,HLJTLSRCC,黑龙江省铁力市农村信用联社
,NNLACJCZYH,南康赣商村镇银行
,PXCLERCC,蒲县农村信用合作联社
,SZLHLHCZYH,梨树源泰村镇银行
,YBF,豫丰村镇银行
,CCNGHMCZYH,浙江秀洲德商村镇银行
,TJNHCZYH,天津宁河村镇银行
,YNEYRCC,云南洱源农村商业银行
,LYRTCZYH,长春绿园融泰村镇银行
,SZHZCZYH,睢县德商村镇银行
,DLCZB,大连开发区鑫汇村镇银行
,DPHNSCZYH,福建政和泰隆村镇银行
,AHFYLMCZYH,重庆九龙坡民泰村镇银行
,YTXOMRRCC,于田县农村信用合作社联合社
,MJMFCZYH,安徽裕安盛平村镇银行
,JZZZQRCC,焦作市中站区农村信用合作联社
,ESXFCB,恩施兴福村镇银行
,BCQZFMCB,四川北川羌族自治县富民村镇银行
,XYVB,香河益民村镇银行
,LPXGWZRCC,洛浦县农村信用合作社联合社
,SXFSXRCC,山西省方山县农村信用合作联社
,WLRXCZYH,深圳宝安桂银村镇银行
,XNXRCC,肃南县农村信用联社
,HEBHLQRCC,哈尔滨市呼兰区农村信用合作联社
,HKYSZCFCZYH,绥中长丰村镇银行
,FYXPNARCC,富蕴县农村信用合作联社
,MLHSKRCC,木垒哈萨克自治县农村信用合作联社
,XZTSRCB,徐州铜山农村商业银行股份有限公司
,ZJYWLHCZYH,浙江义乌联合村镇银行
,YFSYCQRCC,云浮市云城区农村信用合作联社
,ZQQLCB,章丘齐鲁村镇银行
,AHFXSYCZYH,宁夏贺兰回商村镇银行
,ZQYBYZCZYH,田东北部湾村镇银行
,YBXYCZYH,宜宾兴宜村镇银行
,WSXIVMRCC,乌什县农村信用合作联社
,DQNCRCC,大庆农村商业银行
,JXJXYGXRCC,江西进贤农村商业银行
,GDXUSYRCC,贵德县农村信用合作联社
,JLXLNGRCC,蕉岭县农村信用合作联社
,HEBXFCZYH,平舆玉川村镇银行
,HBDYTLCZYH,岑溪市北部湾村镇银行
,QWKWAXHMCZYH,文安县惠民村镇银行
,XJWLRCC,新疆尉犁农村商业银行
,XYZJCB,信阳珠江村镇银行
,SLYZRCC,石林彝族自治县农村信用合作联社
,UBCHN,海口联合农商银行
,JLWQRCB,吉林汪清农村商业银行
,AHSTYZCZYH,广州白云民泰村镇银行
,YNYMRCC,云南易门农村商业银行
,TLSYZQRCC,铁岭市银州区农村信用合作联社
,QHCDMRCC,青海柴达木农村商业银行
,FSSSSQRCC,佛山市三水区农村信用合作联社
,SDCDRCC,山东长岛农村商业银行
,SPZYCB,遂平中原村镇银行
,AHDZYZCZYH,湖北大冶泰隆村镇银行
,ZHHTCZYH,庄河汇通村镇银行
,SYNJHMCZYH,大连金州联丰村镇银行
,PDHF,大洼恒丰村镇银行
,QHQLRCC,青海祁连农村商业银行
,HLJSFHRCC,黑龙江绥芬河农村商业银行
,WLCBRCC,乌兰察布农村商业银行
,JPMC,摩根大通银行
,SXGQRCC,陕西甘泉农村商业银行
,LNCZHTCB,辽宁辰州汇通村镇银行
,HLJYKRCC,黑龙江逊克农村商业银行
,HNSSRCB,湖南韶山农村商业银行股份有限公司
,QHHLRCC,青海化隆农村商业银行股份有限公司
,SJZKQRCC,石家庄市矿区农村信用联社
,QHGNRCC,青海贵南农村商业银行
,CLXMPKRCC,策勒县农村信用合作社联合社
,HLJTHJGXRCC,黑龙江塔河农村商业银行
,XHSLZRCC,循化撒拉族自治县农村信用合作联社
,ZSXLCZB,中山小榄村镇银行
,SHPDHTCZYH,台前德商村镇银行
,QHDLRCC,青海都兰农村商业银行
,HGXJRCZYH,宾阳北部湾村镇银行
,OPPFSSQYCZYH,陕西洛南阳光村镇银行
,CDXHSCZYH,浙江永嘉恒升村镇银行
,YNTHRCC,云南通海农村商业银行
,SXZPRCC,陕西镇坪农村商业银行
,JLFMHMCZYH,浙江嘉善联合村镇银行
,WQXFLRRCC,温泉县农村信用合作联社
,NXYCHFCZYH,安徽潜山江淮村镇银行
,ZRXRCC,柘荣县农村信用合作联社
,MQXHVRRCC,玛曲县农村信用合作社联合社
,PSXBPJYCZYH,广元市包商贵民村镇银行
,FPXEMKRCC,佛坪县农村信用合作联社
,YTNCRCC,鹰潭农村商业银行
,SCCDLQZCZCZYH,四川成都龙泉驿稠州村镇银行
,LNDTCZYH,萍乡安源富民村镇银行
,SCHMRCB,上蔡惠民村镇银行
,XRZXCZYH,孟津民丰村镇银行
,LPSZSLDCZYH,六盘水钟山凉都村镇银行
,HBHXRCC,哈巴河县农村信用合作联社
,XYNCRCC,新余农村商业银行
,LBRF,灵宝融丰村镇银行
,HLJMLSRCC,黑龙江省穆棱市农村信用联社
,SGLE,法国兴业银行
,NZZYFDCZYH,浙江嵊州瑞丰村镇银行
,XCCXCZYH,宁城包商村镇银行
,SQZYFDCZYH,贵阳花溪建设村镇银行
,BLKHSKRCC,巴里坤哈萨克自治县农村信用合作社联合社
,TLSQHQRCC,铁岭市清河区农村信用合作联社
,QMXRCC,且末县农村信用合作联社
,PJSTZQRCC,盘锦市双台子区农村信用合作联社
,DLPLDHFCZYH,新都桂城村镇银行
,WSBHCZYH,武陟射阳村镇银行
,QHXHRCC,青海兴海农村商业银行
,ZYRXCZYH,杭锦大众村镇银行
,XPZYFDCZYH,浙江临海湖商村镇银行
,XCXPCZYH,许昌新浦村镇银行
,JCSLCXRCC,山西省晋城市陵川县农村信用合作联社
,KLMYJLGMCZYH,广州花都稠州村镇银行
,ANZ,澳新银行
,MDJCJMDKRCC,牡丹江市城郊农村信用合作联社
,AHTCJHCB,安徽桐城江淮村镇银行
,JDZNCRCC,景德镇农村商业银行
,ASXHNMCZYH,安顺西航南马村镇银行
,WWHYCZYH,无为徽银村镇银行
,AHYJRCC,安徽叶集农村商业银行
,YNYLUICRCC,云南云龙农村商业银行
,SHJSHMCZYH,湘乡市村镇银行
,JCXAVZRCC,剑川县农村信用合作联社
,HLJHMRCC,黑龙江呼玛农村商业银行
,HNXHXNSCZYH,河南西华厦农商村镇银行
,YYTJCZYH,中卫香山村镇银行
,SMXSZRCC,三门峡陕州农村商业银行
,NYFMCZYH,纳雍富民村镇银行
,FJYXCGCZYH,云南安宁稠州村镇银行
,JWLBJFDCZYH,宁陵德商村镇银行
,LBFMCZYH,新密郑银村镇银行
,SCMYCZYH,水城蒙银村镇银行
,SXASJXCZYH,日照九银村镇银行
,QHGCRCC,青海刚察农村商业银行
,HSXQXZRCC,和硕县农村信用合作联社
,QHGEMRCC,青海格尔木农村商业银行
,HLJTJRCC,黑龙江同江农村商业银行
,SYZYFDCZYH,江苏邗江民泰村镇银行
,XTLFCZYH,浙江玉环永兴村镇银行
,GFGXCZYH,江苏邳州陇海村镇银行
,TJJNCZYH,天津滨海德商村镇银行
,SCHDCZYH,锦州太和锦银村镇银行
,ZJYHDSCZYH,九台龙嘉村镇银行
,JXSLFMCZYH,安徽青阳九华村镇银行
,AHFTTSCZYH,扎赉特蒙银村镇银行
,RLHNSCZYH,范县德商村镇银行
,XCJXCZYH,西昌金信村镇银行
,SXZYXRCC,山西省中阳县农村信用合作联社
,WXAANRCC,文县农村信用合作联社
,YNANCZCZYH,玉山三清山村镇银行
,YMXRHARCC,裕民县农村信用合作联社
,JYQLCZYH,江苏东台稠州村镇银行
,WQXGHCRCC,乌恰县农村信用合作社
,YNJDRCC,云南景东农村商业银行
,JSYZBSCZYH,江苏仪征包商村镇银行
,HNMGZRCC,河南蒙古族自治县农村信用合作联社
,JSHAYHCZYH,天津滨海江淮村镇银行
,QHZKRCC,青海泽库农村商业银行股份有限公司
,TXHZCZYH,唐县汇泽村镇银行
,TZJYXZCZYH,文山民丰村镇银行
,GAXQB,贵安新区发展村镇银行
,CXZYFDCZYH,鄂温克包商村镇银行
,LSZRCB,凉山州商业银行
,ZJQYTLCB,浙江庆元泰隆村镇银行
,JSZSMFCZYH,江苏灌云民丰村镇银行
,JMNXRCC,吉木乃县农村信用合作联社
,NXHNSCZYH,湖南浏阳江淮村镇银行
,ZJZJLHCB,浙江诸暨联合村镇银行
,AHLZBFCZYH,宜兴阳羡村镇银行
,DEUTSCHE,德意志银行
,TSSQAZXCZYH,浙江海宁德商村镇银行
,FJZHTLCZYH,沈阳于洪永安村镇银行
,ZJYJHSCZYH,吉安稠州村镇银行
,HDCB,黔西花都村镇银行
,WACZYH,武安村镇银行
,JYQFCZYH,湖北荆门掇刀包商村镇银行
,SDJNCB,山东莒南村镇银行
,BEJXRCC,布尔津县农村信用合作联社
,LSHMCZYH,金沙富民村镇银行
,CYBC,集友银行
,MZYAHWYHSCZYH,威宁富民村镇银行
,JKRFCZYH,长春经开融丰村镇银行
,YTYHHTCZYH,瓦房店长兴村镇银行
,GZZCCJCZYH,安徽肥西石银村镇银行
,HSBQRCC,红寺堡区农村信用合作社
,RQCZYH,任丘村镇银行
,TKSXRCC,特克斯县农村信用合作联社
,FHXRCC,福海县农村信用合作联社
,WZSYCZYH,乾安惠民村镇银行
,HNXXXXCZYH,河南新乡新兴村镇银行
,BJMYHFCZYH,灵川深通村镇银行
,ZGEQRCC,准格尔旗农村信用合作联社
,HNZXTNSCZYH,沧县吉银村镇银行
,BDQYQXNSCZYH,保定清苑区邢农商村镇银行
,KYXYSCZYXUDZ,四川成都蒲江民富村镇银行
,WXYTCZYH,蔚县银泰村镇银行
,KASIKORNBANK,泰华农民银行
,YTFSZJCZYH,汝州玉川村镇银行
,JSXYHYCZYH,浙江富阳恒通村镇银行
,AHGZXHHCZYH,安徽固镇新淮河村镇银行
,LNZWJTCZYH,青岛莱西元泰村镇银行
,HNZCMFCZYH,江苏灌南民丰村镇银行
,DAHMCB,大安惠民村镇银行
,WYYCCZYH,舞阳玉川村镇银行
,KLXZMMRCC,康乐县农村信用合作联社
,YZPFCZYH,卫辉富民村镇银行
,YHXRCC,永和县农村信用合作联社
,GYSGSCZYH,兴城长兴村镇银行
,QHTJRCC,青海天峻农村商业银行股份有限公司
,FXCNSCZYH,郏县广天村镇银行
,ACHMCB,廊坊市安次区惠民村镇银行
,QKMDGQLCZYH,河南商水厦农商村镇银行
,DHDYCZYH,德惠敦银村镇银行
,HYZYFDCZYH,浙江上虞富民村镇银行
,LNBQNFRCB,辽宁本溪南芬农村商业银行
,ZLFJSPXHYCZYH,江苏沛县汉源村镇银行
,ZDHMCZYH,桦甸惠民村镇银行
,ZQWXZYFDCZYH,安徽泾县铜源村镇银行
,HPZXCZYH,赫章富民村镇银行
,HSHMCB,含山惠民村镇银行
,SGB,中德住房储蓄银行
,CBUJNRSCZYH,东莞长安村镇银行
,ZYXZQCRCC,中阳县农村信用合作联社
,DTHHCZYH,天津静海新华村镇银行
,HDXHDCZYH,洪洞县洪都村镇银行
,BKB,盘谷银行
,DGTHCB,东港同合村镇银行
,QHHZCZVRCC,青海海晏农村商业银行
,LJHMCB,庐江惠民村镇银行
,HLJWCRCC,黑龙江五常农村商业银行
,QHXRCC,青河县农村信用合作联社
,FJYCZNSCZYH,山阴县太行村镇银行
,SZBAGYCZYH,江苏丰县民丰村镇银行
,KBS,国民银行（中国）有限公司
,AKHBZYFDCZYH,江苏新沂汉源村镇银行
,ZJJDHSCZYH,长春高新惠民村镇银行
,WZZCCZYH,浙江台州路桥富民村镇银行
,FGZYFDCZYH,江苏南通如皋包商村镇银行
,NMGHLGEBSCZYH,民权德商村镇银行
,ZWXSCZYH,安顺西秀富民村镇银行
,AHDYMFCZYH,泌阳玉川村镇银行
,GSCNSCZYH,安徽郎溪新华村镇银行
,FSSCFYCZYH,双城惠民村镇银行
,XCDLMTCB,西藏堆龙民泰村镇银行
,YYXCQCZYH,辉县珠江村镇银行
,JSHSMTCB,江苏惠山民泰村镇银行
,GYYYFMCZYH,宜州深通村镇银行
,TLXZZQRCC,托里县农村信用合作联社
,HYHMCZYH,合阳惠民村镇银行
,ZQJLPMTCZYH,锦州松山农商村镇银行
,ZQSWLRXCZYH,大方富民村镇银行
,JTHJCZYH,金堂汇金村镇银行
,SZCZCZYH,浙江磐安婺商村镇银行
,YCRXCZYH,乐亭舜丰村镇银行
,WJXHCZYH,浙江定海德商村镇银行
,MLDWBSCZYH,银川掌政石银村镇银行
,ZCHHCZYH,柘城黄淮村镇银行
,ZQCSZYFDCZYH,乌兰察布市集宁包商村镇银行
,ZJTTMSCZYH,宁乡沪农商村镇银行
,LQXJIERCC,碌曲县农村信用合作联社
,ESYZRCC,峨山彝族自治县农村信用合作联社
,YXHTXHCB,玉溪红塔区兴和村镇银行
,ZLZYCB,鄢陵郑银村镇银行
,TZZYFDCZYH,安徽宿松民丰村镇银行
,QHTDRCC,青海同德农村商业银行
,XWZMQBSHFCZYH,北京昌平包商村镇银行
,JXZYFDCZYH,江苏金湖民泰村镇银行
,AHYXXHHCZYH,安徽黟县新淮河村镇银行
,AHDTXHBANK,安徽当涂新华村镇银行
,JXJGSRCC,江西井冈山农村商业银行
,AHCFKYCB,安徽长丰科源村镇银行
,KDB,韩国产业银行
,FXZYFDCZYH,江苏大丰江南村镇银行
,DCSFCZYH,大城舜丰村镇银行
,PSATCZYH,盘山安泰村镇银行
,WLXRCC,乌兰县农村信用联社
,CMBCN,华商银行
,DYXFCZYH,丹东鼎元村镇银行
,PGGMCZYH,江川兴福村镇银行
,LDHFCZYH,乐东惠丰村镇银行
,HLJYSRCC,黑龙江延寿农村商业银行
,NXHNHLSCZYH,重庆忠县稠州村镇银行
,DFQLCZYH,浙江舟山普陀稠州村镇银行
,GZHPHMCZYH,广州黄埔惠民村镇银行
,TJJHXHCZYH,山东肥城民丰村镇银行
,JLCYYYCZYH,四子王蒙银村镇银行
,HLJFZRCC,黑龙江方正农村商业银行
,BSHJHTCZYXABT,白山浑江恒泰村镇银行
,QSAZJDYFMCZYH,浙江东阳富民村镇银行
,YARSCZYH,汝阳兴福村镇银行
,MPJDCZYH,牟平胶东村镇银行
,ZQDZHFCZYH,山东梁山民丰村镇银行
,FJFAYNSCZYH,浙江柯桥联合村镇银行
,ESUN,玉山银行
,YZGLZCCZYH,广丰广信村镇银行
,XCBFCZYH,石嘴山市大武口石银村镇银行
,KFXDFBANK,开封新东方村镇银行
,AHMGMFCZYH,安徽明光民丰村镇银行
,WDLCHFCB,五大连池惠丰村镇银行
,KDBFCZYH,宽甸百丰村镇银行
,BNPP,法国巴黎银行
,NJPKJFCZYH,朔州市朔城区蒙银村镇银行
,DZHMCJCZYH,扶绥深通村镇银行
,ZJLXYSCZYH,浙江兰溪越商村镇银行
,DDDACZYH,青岛崂山交银村镇银行
,ZJLQLHCZYH,重庆江津石银村镇银行
,ZKMYCZYH,唐山市丰南舜丰村镇银行
,JSHZJYGCZYH,孟州射阳村镇银行
,XFXWDCZYH,襄汾县万都村镇银行
,XAYTHTCZYH,江西兴国新华村镇银行
,QJHMCB,曲靖惠民村镇银行
,YZCXCB,宜章长行村镇银行
,NJLHJYCZYH,安徽凤阳利民村镇银行
,BZSFCB,霸州舜丰村镇银行
,YGHTCZYH,浙江安吉交银村镇银行
,FJDHCGCZYH,察哈尔右翼前旗蒙银村镇银行
,YNXPRCC,云南新平农村商业银行
,DHJNCZYH,楚雄兴彝村镇银行
,ZJRZCJCZYH,安徽灵璧本富村镇银行
,XYWFCZYH,新疆库尔勒富民村镇银行
,DNXRCC,大宁县农村信用合作联社
,ZYFMCZYH,织金惠民村镇银行
,PZWHCZYH,深圳南山宝生村镇银行
,ZCHSCZYH,安徽定远民丰村镇银行
,APHMCZYH,安平惠民村镇银行
,DZFMCZYH,盘州万和村镇银行
,HNQYJNCB,河南沁阳江南村镇银行
,SXLXCYCZYH,青岛胶南海汇村镇银行
,PXXDHHCB,萍乡湘东黄海村镇银行
,ZZJSXNSCB,郑州金水厦农商村镇银行
,MQRXCB,民勤融信村镇银行
,ZLLFCZYH,固阳包商村镇银行
,LNTZHCZYH,邹平浦发村镇银行
,ALXLCZYH,浙江龙游义商村镇银行
,XCHRBANK,襄城汇浦村镇银行
,HDHMCB,惠东惠民村镇银行
,DTSNJQJDCZYH,大同市南郊区京都村镇银行
,SZBARXCZYH,深圳宝安融兴村镇银行
,ZMWZQPSMTCZYH,重庆彭水民泰村镇银行
,ALSZQHHCZYH,阿拉善左旗黄河村镇银行
,ZQZSGYCZYH,虞城通商村镇银行
,FYHMCZYH,扶余惠民村镇银行
,HNSDXHCZYH,屯留县三禾村镇银行
,RHCZBANK,长子县融汇村镇银行
,CZZLCJCZYH,琼海大众村镇银行
,CZJTXFCB,常州金坛兴福村镇银行
,XSJYCB,修水九银村镇银行
,HNXNCBFWRCC,华宁县农村信用合作联社
,CNZCCZYH,安徽金寨江淮村镇银行
,DZDCZYFDCZYH,建昌恒昌村镇银行
,ZJPJJYCZYH,浙江浦江嘉银村镇银行
,HLJMSQNORCC,黑龙江密山农村商业银行
,ZNZYFDCZYH,西安高陵阳光村镇银行
,HFHTCZYH,长春宽城融汇村镇银行
,ZJCSLHCB,浙江常山联合村镇银行
,WHHMCZYH,五华惠民村镇银行
,YJXBZIRCC,元江哈尼族彝族傣族自治县农村信用合作联社
,NFJDCZYH,安徽太湖江淮村镇银行
,FQFMCB,福泉富民村镇银行
,JZSZQHFCZYH,昌图民祥村镇银行
,HDBSCB,化德包商村镇银行
,SPZYCZYH,尚志惠鑫村镇银行
,KRL,库尔勒银行
,XYTLCZYH,陕西旬阳泰隆村镇银行
,LNYXJYCB,辽宁义县锦银村镇银行
,WLMQXLFCZYH,重庆黔江银座村镇银行
,SPTXDYCZYH,四平铁西敦银村镇银行
,YTQLCZYH,丹东鼎安村镇银行
,QHDZCZYH,常宁珠江村镇银行
,SXLNYGCZYH,安徽休宁大地村镇银行
,BCTBHMCZYH,白城洮北惠民村镇银行
,TLHJGCZYH,浙江台州黄岩恒升村镇银行
,ZQNCSYCZYH,重庆南川石银村镇银行
,HEBNXCZYXXDH,高平市太行村镇银行
,AHQXRCC,阿合奇县农村信用合作社
,JSFXMFCZYH,浚县郑银村镇银行
,HBTMHFCZYH,辽宁黑山锦银村镇银行
,FIRB,第一银行
,NXPLXSHCZYH,敦化江南村镇银行
,HZFMCZYH,江苏涟水太商村镇银行
,KMPLXFCZYH,昆明盘龙兴福村镇银行
,LNXFCB,洛宁兴福村镇银行
,HNYMRCC,河南义马农村商业银行
,LCXTXCZYH,陵川县太行村镇银行
,FFPFCZYH,贵阳南明富民村镇银行
,YAYCHMCB,雅安雨城惠民村镇银行
,WXBHXFCZYH,永清吉银村镇银行
,TQMYCZYH,浙江洞头富民村镇银行
,JXSHDCZYH,介休市华都村镇银行
,YZHFCB,扬中恒丰村镇银行
,HNTJJXCZYH,山东临朐聚丰村镇银行
,LHMYCB,柳河蒙银村镇银行
,YTYYCZYH,安徽寿县联合村镇银行
,SDZCHYCB,山东郯城汉源村镇银行
,CFSYBSYLCZYH,望江新华村镇银行
,FCFYCZYH,广东四会泰隆村镇银行
,YZYZRCC,漾濞彝族自治县农村信用合作联社
,BJHRRXCZYH,江苏海安盐海村镇银行
,YCYLXFCZYH,桂阳沪农商村镇银行
,HNRCXYCZYH,开阳富民村镇银行
,XAGLYGCZYH,浙江仙居富民村镇银行
,HHHTSSHJGCZYH,永城齐鲁村镇银行
,HMSTXCZYH,安徽怀宁江淮村镇银行
,TWBANK,台湾银行股份有限公司
,XEPWZSBHCZYH,吴忠市滨河村镇银行
,CWSTCB,苍梧深通村镇银行
,PDSXHQRCC,平顶山市新华区农村信用合作联社
,FJZPMTCB,福建漳平民泰村镇银行
,HLLFCZYH,怀来利丰村镇银行
,HNXYXLCZYH,确山郑银村镇银行
,SXZZNKCZYH,贵阳观山湖富民村镇银行
,LQZYFDCZYH,文昌大众村镇银行
,HNHRXLCZYH,重庆市武隆融兴村镇银行
,CGXYYH,长葛轩辕村镇银行
,FNMSCZYH,百色右江华润村镇银行
,WXXZDCZYH,武乡县泽都村镇银行
,AHMCHSCZYH,喀喇沁玉龙村镇银行
,WYXHFKRCC,渭源县农村信用合作联社
,BTSJYLNCZYH,江苏宿豫东吴村镇银行
,CJYMCZYH,沙河襄通村镇银行
,CFSHSYLCZYH,上海金山惠民村镇银行
,MYYCCZYH,江苏泗洪东吴村镇银行
,MONTREAL,蒙特利尔银行
,ITPZXZYCZYH,江苏邗江联合村镇银行
,SNAJRXCZYH,遂宁安居融兴村镇银行
,CFYBSRCC,赤峰元宝山农村商业银行
,HBHACJCZYH,北京怀柔融兴村镇银行
,SGZNSCZYH,乌审旗包商村镇银行
,BSLLCJCZYH,荆门东宝惠民村镇银行
,SHMYCB,三河蒙银村镇银行
,CZXBZCCZYH,湖北咸安长江村镇银行
,HLJBLXRCC,黑龙江省勃利县农村信用联社
,LINZRCB,林州德丰村镇银行
,YYRCU,湖南岳阳农村商业银行
,SXZSCYCZYH,福建连江恒欣村镇银行
,RSTJCZYH,青县青隆村镇银行
,YAYCHMCZYH,抚顺望花抚银村镇银行
,EEDSSKBSCZYH,鄂尔多斯市康巴什村镇银行
,ZJTZLQFMCZYH,江苏泗阳东吴村镇银行
,SNCZCZYH,藁城恒升村镇银行
,FYZCCZYH,鹿泉恒升村镇银行
,ZQJJSYCZYH,井冈山九银村镇银行
,ZZJSXNSCZYH,江苏丹阳保得村镇银行
,SXFPHFCZYH,浙江桐庐恒丰村镇银行
,DXRCC,代县农村信用合作联社
,BDB,德富泰银行有限公司
,FJFQTLCZYH,福建福清泰隆村镇银行
,SCDZYNSCZYH,浙江缙云联合村镇银行
,ZSZCCZYH,凤城丰益村镇银行
,MZSYCZYH,山东平邑汉源村镇银行
,MZMJQRCC,梅州市梅江区农村信用合作联社
,ZHHQCZYH,珠海横琴村镇银行
,ZJAJJYCZYH,五常惠民村镇银行
,SPTDDFCZYH,哈尔滨农信村镇银行
,SYESHZCCZYH,株洲县融兴村镇银行
,QDLXYTCZYH,四川江油华夏村镇银行
,JKXRDCZYH,交口县融都村镇银行
,XSJYCZYH,武冈包商村镇银行
,YSLJYCZYH,依安润生村镇银行
,QYCRCB,祁阳村镇银行
,JXXGRVPRCC,江西新干农村商业银行
,YQJYCZYH,贵阳云岩富民村镇银行
,RQXRCC,若羌县农村信用合作联社
,HCZYFDCZYH,浙江遂昌富民村镇银行
,LJGCFDCZYH,丽江古城富滇村镇银行
,XFBSQLCZYH,息烽包商黔隆村镇银行
,SDZZJXCZYH,宁夏盐池汇发村镇银行
,CJXRCC,澄江县农村信用合作联社
,LNRCC,辽宁农商银行
,TYXFCZYH,重庆北碚稠州村镇银行
,YXHNSCZYH,浙江泰顺温银村镇银行
,BLGMCZYH,辽宁彰武金通村镇银行
,YSSQSCZYH,始兴大众村镇银行
,XYKMJCGCB,新余孔目江成功村镇银行
,NCDFCZYH,南昌大丰村镇银行
,TJXQZYFDCZYH,繁峙县新田村镇银行
,JLCYHMCZYH,吉林船营惠民村镇银行
,KSRSCZYH,偃师融兴村镇银行
,HNZLXYCZYH,四平铁东德丰村镇银行
,MBB,马来亚银行
,PCNKCZYH,平昌农科村镇银行
,PSXBCIRCC,皮山县农村信用合作社联合社
,AHHQLHCB,安徽霍邱联合村镇银行
,LJYLCJCZYH,平罗沙湖村镇银行
,GYWDFMCZYH,贵阳乌当富民村镇银行
,XXHZCZYH,兴县汇泽村镇银行
,LAHDCZYH,新疆石河子交银村镇银行
,XYZYFDCZYH,湖北赤壁长江村镇银行
,NBSHSGMCZYH,安徽黄山金桥村镇银行
,LYHDQSRCB,临沂河东齐商村镇银行股份有限公司
,HZMDBHCZYH,曲靖富源富滇村镇银行
,QXJSCZYH,临高惠丰村镇银行
,LSYTCZYH,辽宁北镇锦银村镇银行
,KSLCCZYH,安徽徽州铜源村镇银行
,ZJSYHTCZYH,浙江松阳恒通村镇银行
,LXNSCZYH,安徽和县新华村镇银行
,HLJMHRCC,黑龙江漠河农村商业银行
,ZJCAJXCZYH,永吉吉庆村镇银行
,QDJNHHCZYH,卓资蒙银村镇银行
,QHJZRCC,青海尖扎农村商业银行股份有限公司
,WLZYFDCZYH,武夷山本富村镇银行
,YFHDCZYH,阜新农商村镇银行
,HLJZHRCC,黑龙江讷河农村商业银行
,ZPPFCZYH,安徽霍山联合村镇银行
,WXZYFDCZYH,遵义红花岗富民村镇银行
,ZZXRXCZYH,青岛平度惠民村镇银行
,ZZZJCZYH,江西上栗富民村镇银行
,TFCNSCZYH,山东成武汉源村镇银行
,QXHMCZYH,塔城昆仑村镇银行
,SMHNSCZYH,容城邢农商村镇银行
,HHHTJQHTCZYH,泽州浦发村镇银行
,SDLJB,山东利津舜丰村镇银行
,QHJRCB,清河金农村镇银行
,HNCB,华南商业银行股份有限公司
,ZNMSCZYH,万荣县汇民村镇银行
,AHSSMFCZYH,大连旅顺口蒙银村镇银行
,DXZYFDCZYH,衡阳县沪农商村镇银行
,YZGYXFCZYH,高密惠民村镇银行
,HBXACJCZYH,五原蒙银村镇银行
,AHJZJHCZYH,南京六合九银村镇银行
,WLCBSJNBSCZYH,鹰潭月湖恒通村镇银行
,ZIPGXBLLYCZYH,呼和浩特金桥河套村镇银行
,ZJLAZXCB,浙江临安中信村镇银行
,GZBYMTCZYH,鄄城包商村镇银行
,LQHNSCZYH,广安恒丰村镇银行
,MZPFCZYH,乐平融兴村镇银行
,ZQSYYRXCZYH,开原象牙山村镇银行
,CZXTDCZYH,长治县泰都村镇银行
,GAHFCZYH,淮安淮阴兴福村镇银行
,GJSFMCZYH,浙江景宁银座村镇银行
,JNHYHNSCZYH,洪湖融兴村镇银行
,NNWMLJCZYH,赤峰市元宝山玉龙村镇银行
,NLTPCB,南陵太平村镇银行
,KIBJXXZJHCZYH,江西信州江淮村镇银行
,JSDHZZYXRCJ,准格尔旗包商村镇银行
,JXGAFMCZYH,江西高安富民村镇银行
,MLXRCC,木兰县农村信用合作联社
,BOA,美国银行
,BYRXCB,巴彦融兴村镇银行
,RCJYCZYH,重庆市大渡口融兴村镇银行
,GWAJSJJRFCZYH,江苏靖江润丰村镇银行
,HNXHXLCZYH,安徽广德扬子村镇银行
,FJNHCGCZYH,北京大兴华夏村镇银行
,AHQMTYCB,安徽祁门铜源村镇银行
,BYSPCQRCC,白银市平川区农村信用合作联社
,LZANSZCZYH,北京房山沪农商村镇银行
,HHRCC,怀化农村商业银行股份有限公司
,BSJXCJCZYH,江苏洪泽金阳光村镇银行
,QTLFCZYH,奇台利丰村镇银行
,AHHSJQCZYH,微山北海村镇银行
,ZJQTJXHQCZYH,本溪禾丰村镇银行
,FYJYCZYH,易门兴福村镇银行
,GXJYCZYH,贵溪九银村镇银行
,AHYASPCZYH,乌拉特中旗蒙银村镇银行
,WDXFCZYH,安徽凤台通商村镇银行
,TSSKPHJCZYH,唐山市开平汇金村镇银行
,AHHYBFCZYH,泰州高港兴福村镇银行
,YPCZCZYH,浙江龙泉民泰村镇银行
,HKSNCZYH,江苏如东融兴村镇银行
,YKXYCCC,营口经济技术开发区熊岳城市信用合作社
,BYXNDYRCC,巴彦县农村信用合作联社
,LKXRCC,林口县农村信用合作联社
,FPDSCZYH,辽宁太子河村镇银行
,JYBHCZYH,双峰沪农商村镇银行
,XMXAMSCZYH,长沙星沙沪农商村镇银行
,FSXZIKRCC,丰顺县农村信用合作联社
,JACZCZYH,海口苏南村镇银行
,NJNKCZYH,南江农科村镇银行
,HNSSXNSCZYH,山东金乡蓝海村镇银行
,LFLCFDCB,禄丰龙城富滇村镇银行
,LKZYFDNSCZYH,正定恒升村镇银行
,XTALYTYCZYH,海伦惠丰村镇银行
,HNYYCZYXYYK,抚顺顺城抚银村镇银行
,TCHMCZYH,通城惠民村镇银行
,KMJNRFCZYH,昆明晋宁融丰村镇银行
,HBKSEXRCC,和布克赛尔县农村信用合作联社
,FZDXFMCZYH,抚州东乡富民村镇银行
,KMMJPZCCZYH,福建长乐泰隆村镇银行
,SWJZYLHCZYH,弋阳蓝海村镇银行
,LFSYDQHDCZYH,临汾市尧都区惠都村镇银行
,QAXLCB,迁安襄隆村镇银行
,RXXNSCZYH,浙江平阳浦发村镇银行
,ZJYHLHCZYXZBL,枝江汉银村镇银行
,CTTZHCZYH,杜尔伯特润生村镇银行
,GZNCSYYH,甘孜农村商业银行
,JKCZCZYH,浙江云和联合村镇银行
,ZYPFCB,溧阳浦发村镇银行
,ZZPFCZYH,福建宁化成功村镇银行
,ZXXFCZYH,余干恒通村镇银行
,TJHXCZYH,同江汇鑫村镇银行股份有限公司
,DLTZYFDCZYH,临清沪农商村镇银行
,HLJHLRCC,黑龙江虎林农村商业银行
,JXDNRCC,江西定南农村商业银行
,JXLHRCC,江西莲花农村商业银行
,YDMSCZYH,克山润生村镇银行
,CYMSCZYH,深圳光明沪农商村镇银行
,WZNLSKLCZYH,乐山昆仑村镇银行
,CYLCCZYH,朝阳柳城村镇银行
,LSSRCB,凉山农村商业银行股份有限公司
,LYJDCZYH,莱阳胶东村镇银行
,LYHNSCZYH,重庆市酉阳融兴村镇银行
,ZGZCCZYH,济南长清沪农商村镇银行
,CSFMCZYH,甘肃西固金城村镇银行
,WKXRCC,望奎县农村信用合作联社
,SCMSJCCZYH,苏州吴中珠江村镇银行
,LXQDCZYH,临县泉都村镇银行
,XZSXFQXDCZYH,忻州市忻府区秀都村镇银行
,WXLSZRCC,维西傈僳族自治县农村信用合作联社
,FMPFCZYH,阳新汉银村镇银行
,ZQYCBYCZYH,横峰恒通村镇银行
,TCYTHTCZYH,安徽巢湖扬子村镇银行
,JSSYTSCZYH,清徐惠民村镇银行
,SBJDCZYH,呼和浩特市新城蒙银村镇银行
,DZZYFDCZYH,呼和浩特市如意蒙银村镇银行
,CXJYCZYH,任县邢农商村镇银行
,WRXHMCZYH,江苏射阳太商村镇银行
,HNLSJXHCZYH,西安长安新华村镇银行
,JAHZCZYH,广东英德泰隆村镇银行
,SZLHXHCZYH,凯里东南村镇银行
,ZXYTCB,泸县元通村镇银行
,WXXJRCZYH,浙江新昌浦发村镇银行
,ZWZCCZYH,上海松江富明村镇银行
,CSSXJJXCGCZYH,瓮安富民村镇银行
,MDJCJGHYRCC,黑龙江省牡丹江市城郊农村信用合作联社
,NCFMCZYH,南城富民村镇银行
,HNHSTNSCZYH,宁夏宁东本富村镇银行
,SSZJCZYH,本溪同盛村镇银行
,ZXSBBWCZYH,耒阳融兴村镇银行
,ZBXDCZYH,张北信达村镇银行
,XJZJCZYH,赤峰市红山玉龙村镇银行
,AHHSLHCZYH,铜川耀州新华村镇银行
,HLJLJXRCC,黑龙江省龙江县农村信用联社
,ZQCKZYFDCZYH,天水市秦安众信村镇银行
,DLGCZCCZYH,长春净月榆银村镇银行
,WLBHK,永隆银行
,JNXLLNRCC,晋宁县农村信用合作联社
,JZTHJYCZYH,宝清广益村镇银行
,QXJRCZYH,永兴沪农商村镇银行
,GQNCRCB,共青农村商业银行
,WFSWCQBHCZYH,西丰鹿城村镇银行
,TJWQCZYH,陕西富平汇发村镇银行
,HEBACNSCZYH,巩义浦发村镇银行
,FXXTXCZYH,万年黄河村镇银行
,TLXSHCZYH,江西婺源江淮村镇银行
,LZMFCB,临沭民丰村镇银行
,QZHSCZYH,鄱阳恒通村镇银行
,YJSHCB,永济市三禾村镇银行有限责任公司
,SBMGZRCC,肃北蒙古族自治县农村信用合作联社
,HHHTSSHMYCZYH,兴仁振兴村镇银行
,UFXM,中国银行间外汇交易中心
,DZCACZYH,突泉蒙银村镇银行
,TRFYCZYH,福建建瓯瑞狮村镇银行
,WNFMCZYH,安徽舒城正兴村镇银行
,OWLXTXXNSCZYH,邢台县邢农商村镇银行
,SXWQHFCZYH,上海浦东恒通村镇银行
,WFDCXCZYH,重庆市沙坪坝融兴村镇银行
,CITIHK,中信银行（国际）
,SYFKFMCZYH,灵山泰业村镇银行
,FCGFCGMCZYH,武邑邢农商村镇银行
,XFCZYH,兴福村镇银行
,YYXFCZYH,重庆江北恒丰村镇银行
,AHLXHSCZYH,灵石县汇民村镇银行
,XAMKEQBSCB,兴安盟科尔沁包商村镇银行
,XARXCB,新安融兴村镇银行
,FZNCRCC,抚州农村商业银行
,CDZDZYFDCZYH,青岛即墨惠民村镇银行
,SHJDHDCZYH,上海嘉定洪都村镇银行
,JSDTCZCZYH,什邡思源村镇银行
,GZFZXHCB,广州番禺新华村镇银行
,LCPFCB,临川浦发村镇银行
,CHEYYQQMYCZYH,资兴浦发村镇银行
,ZDMSCZYH,福建龙海泰隆村镇银行
,YWXRCC,伊吾县农村信用合作联社
,GYSFCB,廊坊市广阳舜丰村镇银行股份有限公司
,HJSLDCZYH,河津市龙都村镇银行
,JSJDJYCZYH,安徽怀远本富村镇银行
,YXJDCZYH,应县金都村镇银行
,LTHYCZYH,吉林龙潭华益村镇银行
,AHQSJHCZYH,江苏溧水民丰村镇银行
,ZCRXCB,桦川融兴村镇银行
,HLJKDRCC,黑龙江克东农村商业银行
,ATNSCZYH,辽宁灯塔村镇银行
,WHSHBWHHCZYH,上海浦东江南村镇银行
,SYYHYACZYH,德兴蓝海村镇银行
,HYXHNSCZYH,宁夏永宁汇发村镇银行
,WSQBSCZYH,江苏江都吉银村镇银行
,HHRXCZYH,兰西农商村镇银行
,DSFMCZYH,独山富民村镇银行
,GXGPGYCZYH,平山西柏坡冀银村镇银行
,GXXYLYCZYH,罗甸发展村镇银行
,BQXPMTRCC,拜泉县农村信用合作联社
,SYKPFYCZYH,乌海市海勃湾黄河村镇银行
,SYHMCB,三亚惠民村镇银行
,JPHSCB,建平红山村镇银行
,TLNSCB,铁岭农商村镇银行
,AHLXXHCZYH,呼和浩特市赛罕蒙银村镇银行
,WDLCHFCZYH,陕西汉中南郑汇发村镇银行
,YYTJCB,余姚通济村镇银行
,LNKZJYCB,辽宁喀左锦银村镇银行
,ETKQHZCB,鄂托克旗汇泽村镇银行股份有限公司
,SXHSRCC,陕西横山农村商业银行
,JXYFFNXRCC,江西永丰农村商业银行
,JMSSJQFJGRCC,佳木斯市郊区农村信用合作联社
,ZJPHGYCZYH,深圳罗湖蓝海村镇银行
,LXHRCZYH,岚县慧融村镇银行
,AHYXHSCZYH,吉林昌邑榆银村镇银行
,SXSYHSCB,陕西三原海丝村镇银行
,HLJKSXRCC,黑龙江省克山县农村信用联社
,JXSCVKKRCC,江西遂川农村商业银行
,SXLZHSCB,陕西临潼海丝村镇银行
,SFHNSCZYH,乌鲁木齐县利丰村镇银行
,YMXFCB,元谋兴福村镇银行
,LSNCSYYXGFYXGS,乐山农村商业银行股份有限公司
,YZGLZCCB,扬州广陵中成村镇银行
,DYTYCB,东源泰业村镇银行
,WSQBCJCZYH,福建永春漳农商村镇银行
,WAHDCZYH,平阴蓝海村镇银行
,ZJLYYSCZYH,达尔罕茂明安联合旗包商村镇银行
,LZHMCZYH,雷州惠民村镇银行
,ZJZSPTCZCZYH,天津宝坻浦发村镇银行
,GZSCSJSCCC,盖州市城市建设信用合作社
,GZSCZCSCCC,盖州市辰州城市信用合作社
,XACAXHCZYH,台江富民村镇银行
,HBHCNYCZYH,西安雁塔恒通村镇银行
,GZSCCC,盖州市城市信用合作社
,ZXGTCZYH,榆树融兴村镇银行
,WHSWLTCZYH,沈阳康平抚银村镇银行
,XDZCCZYH,广昌南银村镇银行
,LYCB,辽阳银行
,RRCB,云南瑞丽南屏农村商业银行
,SHBSFMCZYH,福建仙游瑞狮村镇银行
,SHCBHK,上海商业银行
,GXPBGMCZYH,承德县恒升村镇银行
,ZQXCGKGBRCC,舟曲县城关农村信用合作社
,HBWQRCB,河北万全农村商业银行
,SZPSZJCZYH,娄烦县三禾村镇银行
,DFHFCZYH,东方惠丰村镇银行
,NZXRCC,南召县农村信用合作联社
,XFXXFZRCC,西丰县西丰镇农村信用合作社
,WSLFCZYH,陕西户县海丝村镇银行
,HZSHXSRCC,化州市农村信用合作联社
,LQXCQCZYH,灵丘县长青村镇银行
,NBIZJZSCZCZYH,松桃长征村镇银行
,HZBLCJCZYH,抚顺新宾抚银村镇银行
,ZQYYHFCZYH,重庆云阳恒丰村镇银行
,YSXTNQRCC,阳山县农村信用合作联社
,NBHSPFCZYH,侯马市太行村镇银行
,LCRHCZYH,河间融惠村镇银行
,ZHRXCZYH,紫云富民村镇银行
,ZJJSLHCZYH,鄂尔多斯市天骄蒙银村镇银行
,DEBTRSCZYH,鄂尔多斯市东胜蒙银村镇银行
,HLJZYRCC,黑龙江肇源农村商业银行
,ZJTLHFCZYH,福建尤溪成功村镇银行
,YJYCCJCZYH,鄂尔多斯市铁西蒙银村镇银行
,HNYXTLCZYH,河南叶县泰隆村镇银行股份有限公司
,YKYHCCB,营口沿海银行
,ZJXBAFRCC,四川中江农村商业银行
,BQGYCZYH,陕西周至农科村镇银行
,HHHTSYQMYCZYH,呼和浩特市玉泉蒙银村镇银行
,DSBHK,大新银行
,KMLQZCCZYH,辽宁沈东村镇银行
,HMHXGMCZYH,宿迁宿城兴福村镇银行
,YNXSBYCZYH,大连甘井子浦发村镇银行
,DJCZCZYH,德江长征村镇银行
,SXXUFQRCC,始兴县农村信用合作联社
,LSZZYZRCC,连山壮族瑶族自治县农村信用合作联社
,NBFHLMCZYH,宁波奉化罗蒙村镇银行
,LXXFPKRCC,兰西县农村信用合作联社
,LZSNWURCC,连州市农村信用合作联社
,SMXNCRCC,石棉县农村信用合作社联合社
,HNLSSNCZYH,菏泽牡丹北海村镇银行
,BYPCZYFDCZYH,集安惠鑫村镇银行
,RLSRCC,瑞丽市农村信用合作联社
,PHRFCZYH,平和润丰村镇银行
,SCXHDCZYH,涟源沪农商村镇银行
,HLXJKFRCC,惠来县农村信用合作联社
,GJSHZCZYH,古交市汇泽村镇银行
,HNRCC,湖南省农村信用社
,HNPJHFCZYH,荔波富民村镇银行
,HBXTRCB,湖北仙桃京都村镇银行股份有限公司
,YYBSCZYH,古交市阜民村镇银行
,FJNX,福建省农村信用社联合社
,ZSDFZJCZYH,丹寨富民村镇银行
,SPLHZYCZYH,福建建阳瑞狮村镇银行
,CHINABOND,中央国债登记结算有限责任公司
,BYQRCC,白银区农村信用合作联社
,HLHFCZYH,交城县太行村镇银行
,HFXRCC,海丰县农村信用合作联社
,YYXNFJRCC,岳阳县农村信用合作联社
,NMGTMTRCB,内蒙古土默特右旗农村商业银行股份有限公司
,CYXFCZYH,绵竹浦发村镇银行
,SCLXRCB,四川泸县农村商业银行股份有限公司
,LCSRCC,乐昌市农村信用合作联社
,XZZYCZYH,醴陵沪农商村镇银行
,STLHCJCZYH,兰州七里河新华村镇银行
,NXSRCC,南雄市农村信用合作联社
,XHZCCZYH,江西莲花富民村镇银行
,BJYQCZYH,沿河长征村镇银行
,DLGJZPFCZYH,伊川齐鲁村镇银行
,GXYHGMCZYH,长春二道农商村镇银行
,FJTNJNSCZYH,平凉崆峒融兴村镇银行
,CTMXCZYH,六盘水六枝富民村镇银行
,WNGMCZYH,东莞厚街华业村镇银行
,SMXRCC,三门峡湖滨农村商业银行股份有限公司
,DJKCNSCZYH,应城融兴村镇银行
,ZXMSCZYH,南京浦口靖发村镇银行
,LFXSHCZYH,延寿融兴村镇银行
,XHBSCZYH,成都青白江融兴村镇银行
,ZSGZNYCZYH,济南槐荫沪农商村镇银行
,QHLDSJCZYH,青海乐都三江村镇银行
,XYYSXHCZYH,九江恒通村镇银行
,XWXLELRCC,徐闻县农村信用合作联社
,SNYGZRCC,肃南裕固族自治县农村信用合作联社
,JHZCCZYH,吕梁孝义汇通村镇银行
,RYYZRCC,乳源瑶族自治县农村信用合作联社
,BYNESWLTCZYH,辽源龙山榆银村镇银行
,LWPFCZYH,德庆华润村镇银行
,FJNAHTCZYH,阆中融兴村镇银行
,BJDXHXCZYH,乌鲁木齐米东浦发村镇银行
,DMZYFDCZYH,进贤瑞丰村镇银行
,SXKJXXZJHCZYH,中山古镇南粤村镇银行
,NCXJHTCZYH,南昌新建恒通村镇银行
,DQXNUCRCC,德庆县农村信用合作联社
,NCCDJYCZYH,南昌昌东九银村镇银行
,GCZYFDCZYH,兴化苏南村镇银行
,SHSJMSCZYH,惠水恒升村镇银行
,HNTYXHCZYH,云南大理渝农商村镇银行
,LTSFCZYH,剑河富民村镇银行
,XXSCZYH,固安恒升村镇银行
,DSRXCZYH,东山润鑫村镇银行
,SHFXPFCZYH,印江长征村镇银行
,RHXRCC,仁化县农村信用合作联社
,WCSRCC,吴川市农村信用合作联社
,ZZRXCZYH,靖宇乾丰村镇银行
,DDDYCZYH,丹东福汇村镇银行
,MLHNSCZYH,弥勒沪农商村镇银行
,YTDSCB,玉田大商村镇银行
,SHPDJNCZYH,镇宁汇商村镇银行
,ZFXZCZYH,西乌珠穆沁包商惠丰村镇银行
,CSZYFDCZYH,兰州永登新华村镇银行
,KTGMCZYH,临武浦发村镇银行
,NABYCZYH,黄平振兴村镇银行
,FLNSCZYH,安徽石台扬子村镇银行
,PXNCRCC,萍乡农村商业银行
,JXAFRCC,江西安福农村商业银行
,LHXKADRCC,陆河县农村信用合作联社
,NYHNSCZYH,大邑交银兴民村镇银行
,RNTLCZYH,河南汝南泰隆村镇银行
,HLJJDRCC,黑龙江鸡东农村商业银行
,HCPFCZYH,日照沪农商村镇银行
,SSGDCZYH,韶山光大村镇银行
,LSZYFDCZYH,从江月明村镇银行
,HNXYJXCZYH,日照蓝海村镇银行
,HTQLCZYH,陵水惠民村镇银行
,YJHRCZYH,延吉和润村镇银行
,NBCXJXCZYH,东平沪农商村镇银行
,BQRXCZYH,定陶河海村镇银行
,XJKELFMCZYH,兴山本富村镇银行
,ZJDQHSCZYH,大理古城中成村镇银行
,PXAYFMCZYH,三都富民村镇银行
,HZVGXGMCZYH,福建永定瑞狮村镇银行
,UMLJNLHCZYH,济宁蓝海村镇银行
,SHMHSYCZYH,上海闵行上银村镇银行
,SNJCNSCZYH,海南儋州绿色村镇银行
,SXXHDTRCC,遂溪县农村信用合作联社
,LFSRCC,陆丰市农村信用合作联社
,KMSLZCCZYH,北京平谷新华村镇银行
,RYXFCZYH,伊通榆银村镇银行
,FSYYCZYH,抚松榆银村镇银行
,MSB,珠海南通银行
,DYJYXMCZYH,聊城沪农商村镇银行
,COMMMERZ,德国商业银行
,RCXNSCZYH,石阡长征村镇银行
,CZYSXHCZYH,拜泉融兴村镇银行
,HLSKWERCC,海林市农村信用合作联社
,FGXAIXRCC,佛冈县农村信用合作联社
,MFXRCC,民丰县农村信用合作社联合社
,YNXYYNSCZYH,重庆巴南浦发村镇银行
,JXTHRCC,江西泰和农村商业银行
,JXNCRCC,江西南城农村商业银行
,WQHRCZYH,汪清和润村镇银行
,NXXJHFCZYH,兰州皋兰新华村镇银行
,HBRCU,河北省农村信用社
,BOCFCB,中银富登村镇银行
,RFSFSSQYCZYH,抚顺市清原村镇银行
,HNSYXJCZYH,浙江平湖工银村镇银行
,BTSDHJGCZYH,江口长征村镇银行
,FJMHMBCB,福建闽侯民本村镇银行
,JXYXCXVRCC,江西永新农村商业银行
,JCXTXCZYH,慈利沪农商村镇银行
,JSGNMFCZYH,兴和包商村镇银行
,FJLHTLCZYH,内蒙古和林格尔包商村镇银行
,DHSJSCZYH,宣汉诚民村镇银行
,NWXRDCZYH,宁武县瑞都村镇银行
,PDXCDCZYH,平定县昌都村镇银行
,JYTLCZYH,陕西泾阳泰隆村镇银行
,GMDZZZRCC,耿马傣族佤族自治县农村信用合作联社
,GMHMCZYH,思南长征村镇银行
,CZSQRCC,潮州市区农村信用合作联社
,DXHDCZYH,代县泓都村镇银行
,TYSJCPQXDCZYH,太原市尖草坪区信都村镇银行
,MDXJABRCC,弥渡县农村信用合作联社
,BSJYHHCZYH,白山江源汇恒村镇银行
,TQAZJZSCZCZYH,浙江岱山稠州村镇银行
,HWHFMCZYH,长顺富民村镇银行
,WYXNSCZYH,平泉恒升村镇银行
,HEBHLPFCZYH,平塘富民村镇银行
,HNZFRCB,湖南中方农村商业银行股份有限公司
,CDSLCMCZYH,神农架楚农商村镇银行
,ALCNSCZYH,大厂回族自治县新华村镇银行
,YDSRCC,英德市农村信用合作联社
,GZSRCC,高州市农村信用合作联社
,SDZPQLCZYH,芜湖圆融村镇银行
,ZJWYJXCZYH,镇江润州长江村镇银行
,CCJYCZYH,赤城家银村镇银行
,PAPHCB,普安普惠村镇银行
,GDEPHFCZYH,土默特右旗蒙银村镇银行
,ZJZZRFCZYH,南丰桔都村镇银行
,GDRCC,广东省农村信用社联合社
,FYSJDCZYH,汾阳市九都村镇银行
,LJSRCC,廉江市农村信用合作联社
,YNBCRCC,云南宾川农村商业银行
,BXFTCZYH,蒙自沪农商村镇银行
,NCBSCZYH,依兰惠鑫村镇银行
,ZZMYCZYH,孝昌本富村镇银行
,JXLLRCC,江西庐陵农村商业银行
,THEDJRFCZYH,宁阳沪农商村镇银行
,GYBYDXCZYH,贵阳白云德信村镇银行
,ZDSRCC,肇东市农村信用合作联社
,FJXYRSCZYH,陕西榆林横山汇发村镇银行
,FJYAHFCZYH,莫力达瓦包商村镇银行
,YPSHMCZYH,都昌九银村镇银行
,CXXYCZYXTTV,中阳县太行村镇银行
,CYCNSRCC,崇阳楚农商村镇银行
,ZZTMYCZYH,嵩明沪农商村镇银行
,YXHMCB,盂县汇民村镇银行
,NASRCC,宁安市农村信用合作联社
,KMYLRFCZYH,昆明宜良融丰村镇银行
,HBKSEMGRCC,和布克赛尔蒙古自治县农村信用合作联社
,SXSLXYCCRCC,山西省石楼县农村信用合作联社
,MLYDCZYH,穆棱远东村镇银行
,SHFXPFCB,上海奉贤浦发村镇银行
,JXSGFMCZYH,江西上高富民村镇银行
,GARCU,广安农村商业银行股份有限公司
,XNSRCC,兴宁市农村信用合作联社
,YCXQVRRCC,岳池县农村信用合作社联合社
,WSXRDCZYH,文水县润都村镇银行
,YNMZRCC,云南蒙自农村商业银行
,NAXRCC,南澳县农村信用合作联社
,LQHSCZYH,通化二道江瑞丰村镇银行
,XCXXAYRCC,西畴县农村信用合作联社
,HNXNTNSCZYH,铜仁万山长征村镇银行
,LNHSJYCZYH,南宁隆安长江村镇银行
,UBS,瑞士银行(中国)有限公司
,JSFMCZYH,阳曲县汇民村镇银行
,ZYTYCZYH,宁夏西吉汇发村镇银行
,YAJGCZYH,远安金谷村镇银行
,TRWSCZCZYH,巴彦淖尔市临河黄河村镇银行
,CSXSHNSCZYH,临洮县金城村镇银行
,EEDSSHTCZYH,鄂尔多斯市罕台村镇银行
,SCHMCZYH,贵定恒升村镇银行
,QHHZSJCZYH,湟中三江村镇银行
,HURCB,湖北省农信社
,JSTXJXCZYH,江西芦溪富民村镇银行
,WCXYMURCC,旺苍县农村信用合作联社
,JSSRCC,积石山保安族东乡族撒拉族自治县农村信用合作联社
,HNPFCZYH,衡南浦发村镇银行
,CLPFCB,茶陵浦发村镇银行
,FSNHXHCZYH,成都双流诚民村镇银行
,XJJXCGCB,新疆建新成功村镇银行
,WFSHTQMYCZYH,江阴浦发村镇银行
,YNGNRCC,云南广南农村商业银行股份有限公司
,GDYJRCB,广东阳江农村商业银行
,MLSRCC,穆棱市农村信用合作联社
,ZLZYFDCZYH,建宁刺桐红村镇银行
,SXTBCYCZYH,安徽东至扬子村镇银行
,YNYJRCC,云南盈江农村商业银行
,LNYZRCC,连南瑶族自治县农村信用合作联社
,JXRSCB,集贤润生村镇银行
,SJXADJRCC,双江拉祜族佤族布朗族傣族自治县农村信用合作联社
,MXTLCZYH,陕西眉县泰隆村镇银行
,YXXEZWRCC,阳西县农村信用合作联社
,XFXEDDRCC,新丰县农村信用合作联社
,ZXBXBANK,百信银行
,STTQRCC,汕头经济特区农村信用合作社联合社
,TZJYXZCB,泰州姜堰锡州村镇银行
,YXCJZCCZYH,抚顺东洲抚银村镇银行
,FJZAHTCB,福建诏安汇通村镇银行
,JYSRCC,江油市农村信用合作联社
,JXYDRCC,江西于都农村商业银行
,BZBZRCC,巴中市巴州区农村信用合作社联合社
,STSJSRCC,汕头市金砂农村信用合作社
,BYXBXWRCC,白玉县农村信用合作联社
,SCQSCB,四川青神农村商业银行股份有限公司
,JXWZFMCZYH,江西万载富民村镇银行
,DXTWBLRCC,定西市通渭县榜罗信用社
,FJJLCGCB,福建将乐成功村镇银行
,NMYKSRCC,内蒙古牙克石农村商业银行
,LCZLZRCC,罗城仫佬族自治县农村信用合作联社
,JXGXIQVRCC,江西广信农村商业银行
,SYQBCZYH,江苏锡山建信村镇银行
,YNSDRCB,云南施甸农村商业银行股份有限公司
,SHPDJXCZYH,遂川洪都村镇银行
,MJHNZRCC,墨江哈尼族自治县农村信用合作联社
,XAMZZTQRCC,内蒙古兴安盟扎赉特旗农村信用合作社联合社
,JYXAVCRCC,井研县农村信用合作联社
,RTXRCC,壤塘县农村信用合作联社
,ZCXGJGRCC,沐川县农村信用合作社联合社
,CZDXCJCZYXPYB,陇西神舟村镇银行
,STSZCRCC,汕头市珠池农村信用合作社
,LDLPSCB,隆德六盘山村镇银行
,DYXOVBRCC,大英县农村信用合作社联合社
,YNDYRCB,云南大姚农村商业银行
,SWEDB,瑞典银行有限公司
,DXTWCHRCC,定西市通渭县常河信用社
,ZXHUIRCC,淇县农村信用合作联社
,LZMSCB,林芝民生村镇银行
,HNWGRCC,河南舞钢农村商业银行
,XLXSUPRCC,新龙县农村信用合作联社
,SRNCRCC,上饶农村商业银行
,SDXZBBRCC,色达县农村信用合作联社
,GXPLRCC,广西平乐农村合作银行
,ZXCNSCB,竹溪楚农商村镇银行
,BZRCU,巴中农村商业银行股份有限公司
,STHYNCSYYH,汕头海湾农村商业银行
,PAXRCC,四川蓬安农村商业银行
,YNLCRCC,云南陇川农村商业银行
,ZSSRCC,泸水市农村信用合作联社
,ETKXSYCZYH,鄂托克兴生源村镇银行
,ZCXHYVRCC,汶川县农村信用合作社联合社
,YNCXSRCC,云南楚雄市农村商业银行
,LPXILURCC,兰坪县农村信用合作联社
,STSXPRCC,汕头市下蓬农村信用合作社
,HPXDDWRCC,合浦县农村信用合作联社
,GXLARCC,广西隆安农村商业银行
,HNRYRCC,河南汝阳农村商业银行
,GDXYRCB,广东信宜农村商业银行
,HNXARCC,河南新安农村商业银行
,BXSWTSRCC,本溪市歪头山农村信用合作社
,ASNYCZYH,湖南邵东湘淮村镇银行
,DQXSAQRCC,德钦县农村信用合作联社
,YNMLRCC,云南弥勒农村商业银行
,BXSSQZRCC,本溪市石桥子农村信用合作社
,YBSNXQRCC,宜宾市南溪区农村信用合作联社
,ASXXFMCZYH,南宁武鸣漓江村镇银行
,WCMZMZXHSCZYH,金溪抚商村镇银行
,NMKSKTRCC,内蒙古克什克腾农村商业银行
,YXZYCB,永修浔银村镇银行
,SCWSRCB,四川武胜农村商业银行
,GXTLRCC,广西田林农村商业银行
,YKHCCB,营口宏诚村镇银行
,WSXYNJRCC,武胜县农村信用合作社联合社
,LSXCBQRCC,鲁山县农村信用合作联社
,AHCHYZCZYH,霞浦刺桐红村镇银行
,ABXRCC,阿坝县农村信用合作社联合社
,SCEMSNCB,四川峨眉山农村商业银行股份有限公司
,XSBFCZYH,湖南安仁新阳村镇银行
,DZSTCQRCC,达州市通川区农村信用合作联社
,JXSYRCC,江西上犹农村商业银行
,DYNCRCB,德阳农村商业银行
,ZXXMOJRCC,泸西县农村信用合作联社
,NJSZRCC,内江市市中区农村信用合作社联合社
,SCLSRCB,四川邻水农村商业银行股份有限公司
,LCLXHNSCZYH,宁波北仑中银富登村镇银行
,STSZSRCC,汕头市岐山农村信用合作社
,XXSFQQRCC,新乡市凤泉区农村信用合作联社
,AHFCJXCB,安徽繁昌建信村镇银行
,PSXNCRCC,皮山县农场农村信用合作社
,LSSWQRCC,乐山市沙湾区农村信用合作联社
,PSPYLMRCC,皮山县皮亚勒玛乡农村信用合作社
,SDZYJXCB,山东招远建信村镇银行
,DEBTRCC,黑龙江杜尔伯特农村商业银行
,QZSRCC,钦州市农村信用合作联社
,GDGYRCB,广东高要农村商业银行
,PSKLYXRCC,皮山县克里阳乡农村信用合作社
,ZYSSQRCC,濮阳市市区农村信用合作联社
,ACCB,亚洲商业银行
,QDPDHMCZYH,万安洪都村镇银行
,SCFSRCB,四川富顺农村商业银行
,PSKKTRKRCC,皮山县科克铁热克乡农村信用合作社
,PSKSTGRCC,皮山县阔什塔格乡农村信用合作社
,PSMKLXRCC,皮山县木奎拉乡农村信用合作社
,PSMJXRCC,皮山县木吉乡农村信用合作社
,WQRXCB,吴桥融信村镇银行
,PSSZXRCC,皮山县桑株乡农村信用合作社
,PSCGXRCC,皮山县藏桂乡农村信用合作社
,PSDWZRCC,皮山县杜瓦镇农村信用合作社
,ZYXMGZRCC,镇沅彝族哈尼族拉祜族自治县农村信用合作联社
,YNWXRCB,云南威信农村商业银行
,LXCAJRCC,理县农村信用合作社联合社
,YNJSRCC,云南建水农村商业银行
,ZKXLHBRCC,镇康县农村信用合作联社
,HNZCCJPRCC,河南潢川农村商业银行
,LXXWSBRCC,林西县农村信用合作联社
,QYLLCB,青原庐陵村镇银行
,HNXHSRCB,湖南新晃农村商业银行股份有限公司
,YPXRCC,永平县农村信用合作联社
,YSXJUCRCC,砚山县农村信用合作联社
,HNWSRCC,河南尉氏农村商业银行
,ZWDLJZRCC,彰武县东六家子农村信用合作社
,CIVLYTYCZYH,凌源天元村镇银行
,ZWXHXQRCC,彰武县后新秋农村信用合作社
,ZWNCXYHZLSHCX,彰武县农村信用合作联四合城信用社
,JXZYRQLRCC,江西婺源农村商业银行
,GHRCB,广东河源农村商业银行
,JXWARCC,江西万安农村商业银行
,ZWXFJRCC,彰武县冯家农村信用合作社
,KLQZYRCC,辽宁省喀喇沁左翼蒙古族自治县公营子农村信用合作社
,HNZLRCC,河南鄢陵农村商业银行
,JSZJMTCZYH,湖北咸安武农商村镇银行
,BJPGXHCZYH,汕头潮阳融和村镇银行
,ZWXHETRCC,彰武县哈尔套农村信用合作社
,YNYXRCB,云南云县农村商业银行
,CYZZRCC,沧源佤族自治县农村信用合作联社
,SYSBFMCB,沈阳沈北富民村镇银行
,JXRCU,江西省农村信用社
,GXFSRCC,广西扶绥农村商业银行
,GJSRCC,个旧市农村信用合作联社
,DBXPAIRCC,德保县农村信用合作联社
,FSXLGRCC,抚顺县拉古农村信用合作社
,HBRCB,鹤壁农村商业银行股份有限公司
,WSMGCJCZYH,奉节中银富登村镇银行
,MSDPRCC,眉山市东坡区农村信用合作社联合社
,QHSRB,黄岛舜丰村镇银行
,LPSLZFMCZYH,饶阳民商村镇银行
,NLXFFRRCC,南乐县农村信用合作联社
,SDLCYRCZYH,历城圆融村镇银行
,ZJTSWYCZYH,安徽濉溪湖商村镇银行
,JXXJYCPRCC,江西新建农村商业银行
,YLSQRCC,玉林市区农村信用合作联社
,JXGCERRRCC,江西赣昌农村商业银行
,JXWLRCC,江西湾里农村商业银行
,XXCXCZYH,湖南江华新阳村镇银行
,RSMZRCC,融水苗族自治县农村信用合作联社
,YQXHMCZYH,广州从化柳银村镇银行
,JXAYNCORCC,江西安义农村商业银行
,SQHSRCC,商丘华商农村商业银行
,HLDGXCZYH,潍坊市奎文区中成村镇银行
,GXRXRCC,广西容县农村信用合作社联合社
,QEKHRXHRCZYH,怀仁县慧融村镇银行
,HDHSQLCZYH,沅江浦发村镇银行
,ZJXZDSCZYH,新疆石河子市交银村镇银行
,FSXJBRCC,抚顺县救兵农村信用合作社
,XSBNZHCJCZYH,壶关县晋融村镇银行
,DYRHCZYH,湖南蓝山神农村镇银行
,JXYHRCC,江西宜黄农村商业银行
,CHZYFDCZYH,广西柳江柳银村镇银行
,AHFDHSCZYH,广西银海国民村镇银行
,HLJLDRCC,黑龙江林甸农村商业银行
,DBXAIARCC,丹巴县农村信用合作联社
,WXXSB,无锡锡商银行
,ZJYHYXCZYH,百色靖西长江村镇银行
,YMXATDRCC,元谋县农村信用合作社联合社
,DZLCYRCZYH,陵城圆融村镇银行
,WNHHCZYH,合川中银富登村镇银行
,YNHKRCC,云南河口农村商业银行
,SPXFDYRCC,石屏县农村信用合作联社
,ZQFYCZYH,江苏启东珠江村镇银行
,LKQLCZYH,新疆绿洲国民村镇银行
,MGXRCC,马关县农村信用合作联社
,WYMYCZYH,福建罗源汇融村镇银行
,HTPZJLCZYH,汉中汉台铺镇聚利村镇银行
,KJXRCC,开江县农村信用合作联社
,ZQSSPBRXCZYH,乐安洪都村镇银行
,FJMQRSCZYH,湖南桃源湘淮村镇银行
,GDMMRCB,广东茂名农村商业银行股份有限公司
,XLUYCSNCKKP,山西省运城市农村信用合作社联合社
,BTO,建东银行
,LKAGXBLLYCZYH,广西北流柳银村镇银行
,SCDZNCB,四川大竹农村商业银行股份有限公司
,WFSKWQZCCZYH,吴江中银富登村镇银行
,ZYXPCZCB,遵义新蒲长征村镇银行
,ZJXJFMCZYH,巴彦淖尔市乌拉特村镇银行
,NCSQRCC,南充市顺庆区农村信用合作社联合社
,KXTYCZYH,四川大竹渝农商村镇银行
,LFKFQRSCZYH,廊坊开发区融商村镇银行
,DCJYCZYH,广西陆川柳银村镇银行
,BLZQRCC,巴林左旗农村信用合作联社
,RXNTMRCC,荣县农村信用合作社联合社
,DZHJHYCZYH,清徐晋商村镇银行
,SRZYFDCZYH,莒县金谷村镇银行
,QAHMCZYH,寻甸中成村镇银行
,STSTPRCC,汕头市鮀浦农村信用合作社
,FSXSWRCC,抚顺县石文农村信用合作社
,ZJGYNSCB,江苏张家港渝农商村镇银行
,JXZSRCC,江西樟树农村商业银行
,SDBXXHCZYH,丽江永胜长江村镇银行
,XCXMFLRCC,西充县农村信用合作社联合社
,YFXXDYCB,云浮新兴东盈村镇银行
,NMGBTGYRCB,内蒙古包头市固阳县信用合作社联合社
,FSXZDRCC,抚顺县章党农村信用合作社
,HNLHXJCZYH,浮梁农商村镇银行
,ACB,新联商业银行
,WXCHDFXHSCZYH,邯郸肥乡恒升村镇银行
,AXRCC,安县农村信用合作联社
,EWKBSCZYH,昆明阿拉沪农商村镇银行
,GXBSYJRCC,广西百色右江农村合作银行
,SDZHQYCZYH,山东沾化青云村镇银行
,GPSRCC,桂平市农村信用合作联社
,KMNCRCC,昆明市农村信用合作社联合社
,HNTBRCC,河南桐柏农村商业银行
,YNYJBYCZYH,榆中浦发村镇银行
,SCYLRCB,四川仪陇农村商业银行
,GXRSLYCB,广西融水柳银村镇银行
,HNZCSKRRCC,河南栾川农村商业银行
,NWCCXYHZADU,渠县农村信用合作联社
,NXRCB,宜宾南溪农村商业银行
,ZMDRCB,驻马店农村商业银行
,ZXJGCZYH,四川北川羌族富民村镇银行
,RZJYCZYH,吉州珠江村镇银行
,ZJCNJXCZYH,江苏盱眙珠江村镇银行
,SZZYFDCB,石柱中银富登村镇银行
,YZNSH,扬州农村商业银行
,BJFZCZYH,广西博白柳银村镇银行
,YJSHLQRCC,阳江市海陵区农村信用合作联社
,WLRXCB,武隆融兴村镇银行
,EEDSSTXMYCZYH,安徽岳西湖商村镇银行
,SXRCCU,陕西省农信社
,BZZYFDCZYH,河南新野建信村镇银行
,PXZYFDCZYH,湖北汉川农银村镇银行
,TGYXTXXNSCZYH,包头市东河金谷村镇银行
,GUAWAXHMCZYH,包头市九原立农村镇银行
,YWHXGZYFDCZYH,包头市高新银通村镇银行
,HPTGNGMCZYH,广西钦州市钦南国民村镇银行
,LTXRBURCC,理塘县农村信用合作联社
,CYNCRCC,崇义农村商业银行
,ZJKCLRCB,张家口崇礼邢农商村镇银行股份有限公司
,ZKRCC,周口市市区农村信用合作联社
,RZYCCZYH,峨眉山中成村镇银行
,LCXWCHRCC,绿春县农村信用合作联社
,HEBBZCZYH,天津滨海扬子村镇银行
,LDFZCZYH,巫山中银富登村镇银行
,ZYXWLQRCC,泾源县农村信用合作联社
,JLZYFDCZYH,宁安融兴村镇银行
,HNTCCJCZYH,景德镇昌江九银村镇银行
,HNQSRCC,河南确山农村商业银行
,JEPJMKPCJCZYH,东莞黄江珠江村镇银行
,HNHXPDQRCC,河南辉县农村商业银行
,HNBJ,河南汴京农村商业银行股份有限公司
,YMB,山口银行
,GCJYCZYH,故城家银村镇银行
,NJXXQTRCC,南江县农村信用合作社联合社
,SYLZFMCZYH,邯郸邯山齐鲁村镇银行
,NNJNGMCZYH,南宁江南国民村镇银行
,CCEDNSCZYH,甘肃泾川中银富登村镇银行
,TCYZXHCZYH,铜川印台恒通村镇银行
,SZFYCZYH,深州丰源村镇银行
,GEJCXYHZXMI,泸县农村信用合作社联合社
,DXGMCZYH,莘县青隆村镇银行
,PNXYCFRCC,平南县农村信用合作联社
,SDPYHYCZYH,湖南湘阴星龙村镇银行
,XJSHZSJYCZYH,曲靖会泽长江村镇银行
,SXDZCZYH,浙江萧山湖商村镇银行
,ZQQLCZYH,天镇县河东村镇银行
,ZCQLCZYH,讷河融兴村镇银行
,JMXHXHCZYH,哈尔滨呼兰浦发村镇银行
,FJZYFDCZYH,重庆秀山北银村镇银行
,ZJNX,浙江省农村信用社联合社
,XACANYRCC,西安市长安区内苑农村信用合作社
,WCDZCZYH,磴口蒙银村镇银行
,SHBSYZCZYH,温县齐鲁村镇银行
,TJBZPFCZYH,文山丘北长江村镇银行
,XACAWQCKRRCC,西安市长安区王曲农村信用合作社
,JYZYFDCZYH,巨野中银富登村镇银行
,SCDLRCC,四川丹棱农村商业银行股份有限公司
,PSRCB,四川屏山农村商业银行
,ZBZCBHCZYH,高碑店中成村镇银行
,GJHNSCZYH,福建南安汇通村镇银行
,WNTLNCZYH,深圳龙华新华村镇银行
,MLPXRCC,麻栗坡县农村信用合作联社
,ZJLJCJCZYH,湛江廉江长江村镇银行
,KCBEBANK,天津金城银行
,XACAZWRCC,西安市长安区子午农村信用合作社
,XYRCB,祥云农信社
,FQXRCC,封丘县农村信用合作联社
,ZXBQRCC,正镶白旗农村信用合作联社
,HNNXXJCZYH,沂水中银富登村镇银行
,FJLJHXCZYH,鱼台青隆村镇银行
,ZGEQBSCZYH,昆明东川中成村镇银行
,ZBBSBHCZYH,昆明石林中成村镇银行
,DXZXSCRCC,定西市漳县三岔信用社
,GZXMPMRCC,古蔺县农村信用合作社联合社
,TYXYCZYH,右玉县长青村镇银行
,AHZXHSCZYH,师宗兴福村镇银行
,HNXPRCC,河南西平农村商业银行
,DDFHCZYH,广东普宁汇成村镇银行
,FXNSCZYH,兴义万丰村镇银行
,XACAWMRCC,西安市长安区王莽农村信用合作社
,DXZXXSRCC,定西市漳县新寺信用社
,XACADQRCC,西安市长安区杜曲农村信用合作社
,XACAWTRCC,西安市长安区五台农村信用合作社
,XACATYGRCC,西安市长安区太乙宫农村信用合作社
,JSRDRXCZYH,保山龙陵长江村镇银行
,ZQWZJXCZYH,天水麦积融兴村镇银行
,FJLYHRCZYH,赤水中银富登村镇银行
,SCSHRCB,四川射洪农村商业银行股份有限公司
,YXHYCZYH,昆明五华长江村镇银行
,QJHZCJCZYH,志丹民生村镇银行
,TJHMCZYH,颍上中银富登村镇银行
,RSXRCC,仁寿县农村信用合作联社
,GXHZGDRCC,广西贺州桂东农村合作银行
,GDJLRCB,广东蕉岭农村商业银行
,NXYNHFCZYH,湖南新化星龙村镇银行
,JCXFCZYH,沂源博商村镇银行
,HLJZZRCC,黑龙江肇州农村商业银行
,YNXSYNSCZYH,长白榆银村镇银行
,HNXCIQXRCC,河南新蔡农村商业银行
,SCPWRCB,四川平武农村商业银行股份有限公司
,XACAXLRCC,西安市长安区细柳农村信用合作社
,KMDCZCCZYH,富民浦发村镇银行
,GDZJRCB,广东紫金农村商业银行
,BCQZRCC,北川羌族自治县农村信用合作社联合社
,JXXGXHCZYH,昆明禄劝中成村镇银行
,JYPFCZYH,永寿中银富登村镇银行
,HNARXYCZYH,蓬溪中银富登村镇银行
,HBFNJXCZYH,乳山天骄村镇银行
,PBXKLORCC,浦北县农村信用合作联社
,XACAGDRCC,西安市长安区郭杜农村信用合作社
,XACAMWRCC,西安市长安区马王农村信用合作社
,GXZXRCC,广西岑溪农村商业银行
,XACAJYRCC,西安市长安区纪阳农村信用合作社
,XYXUCORCC,兴业县农村信用合作联社
,YTHHDFXHSCZYH,南靖中成村镇银行
,FJHACXCZYH,福建华安长信村镇银行
,CQFM,重庆富民银行
,TMDYCZYH,图们敦银村镇银行
,YNSFRCC,云南水富农村商业银行
,JXLCRCC,江西黎川农村商业银行
,XACADDRCC,西安市长安区东大农村信用合作社
,JXRJGDCB,江西瑞金光大村镇银行
,ZJLQMTCZYH,常州新北中成村镇银行
,TCHFBANK,塔城津汇村镇银行有限责任公司
,YCXULYRCC,虞城县农村信用合作联社
,LLXYHTCZYH,江苏武进中银富登村镇银行
,XACALZRCC,西安市长安区滦镇农村信用合作社
,XACAWXRCC,西安市长安区五星农村信用合作社
,CNZJCZYH,太仆寺旗鑫源村镇银行
,ZJKWQ,张家口万全家银村镇银行
,CHEYYHQRCC,内蒙古乌兰察布市察哈尔右翼后旗农村信用合作社联合社
,NBXRCC,南部县农村信用合作联社
,YCZZSYCZYH,邛崃国民村镇银行
,SXQLCZYH,宣化中成村镇银行
,ZJKXHJYCZYH,张家口宣化家银村镇银行
,XACAWQSEQRCC,西安市长安区韦曲农村信用合作社
,BDXHRCZYH,保德县慧融村镇银行
,HNJHXYCZYH,曲靖沾益兴福村镇银行
,XXXRCC,新乡县农村信用合作联社
,ZYHHGFMCZYH,江苏东海张农商村镇银行
,HNAHXHCZYH,湖南安化湘淮村镇银行
,KKB,奥地利中央合作银行
,NUCC,网联
,HNLKRCC,河南兰考农村商业银行
,PSJYCZYH,全椒中银富登村镇银行
,SHPJJYS,上海票据交易所股份有限公司
,HSXJCCB,合水县金城村镇银行
,QFXRCC,清丰县农村信用合作联社
,WFRCB,潍坊市农村信用合作社联合社
,NTHSCB,江苏通州华商村镇银行
,ZJPAZSCZYH,山东滕州建信村镇银行
,WLCBSHDXRCC,内蒙古乌兰察布市化德县农村信用合作社联合社
,XACAMDRCC,西安市长安区鸣犊农村信用合作社
,SYXMFMCZYH,青海门源大通村镇银行
,DLXCOARCC,东兰县农村信用合作联社
,JXWNQHXRCC,江西武宁农村商业银行
,HNCBXNCZYH,湖南城步湘农村镇银行
,SDWDJXCZYH,惠州博罗长江村镇银行
,XACADMRCC,西安市长安区斗门农村信用合作社
,HNHSXLCZYH,文山富宁长江村镇银行
,JXAYAHERCC,江西安远农村商业银行
,LLJYCZYH,卢龙家银村镇银行
,GRLZCZYH,广饶梁邹村镇银行
,EJNQRCC,额济纳旗农村信用合作联社
,GXLCHRRRCC,广西灵川农村合作银行
,PXWWZSBHCZYH,安徽蒙城湖商村镇银行
,XACADLRCC,西安市长安区杜陵农村信用合作社
,XACADZRCC,西安市长安区大兆农村信用合作社
,YSXSLYRCC,营山县农村信用合作社联合社
,HCJYCZYH,珲春吉银村镇银行
,XACASDRCC,西安市长安区申店农村信用合作社
,YXHHCZYH,瑞昌九银村镇银行
,JDLZYFDCZYH,北京通州中银富登村镇银行
,YNZTZYRCC,云南昭通昭阳农村商业银行
,MYYXRCC,绵阳市游仙区农村信用合作社联合社
,STSDSRCC,汕头市礐石农村信用合作社
,HNRLRCB,湖南沅陵农村商业银行股份有限公司
,LSJKHQRCC,乐山市金口河区农村信用合作联社
,PYXJRCZYH,陕西陇县长银村镇银行
,GXGPCZYH,东明中银富登村镇银行
,HYXTBERCC,淮阳县农村信用合作联社
,WYXDSZRCC,舞阳县农村信用合作联社
,ZYXUSURCC,濮阳县农村信用合作社联合社
,WZYTMGJHCZYH,铁门关津汇村镇银行
,XDGCCZYH,安徽宣州湖商村镇银行
,HNCBRCB,湖南城步农村商业银行股份有限公司
,QWXXTCZYH,阜平大商村镇银行
,GDLZRCB,广东雷州农村商业银行
,SCPXRCB,四川蓬溪农村商业银行
,LSJYYSCZYH,浙江江山建信村镇银行
,CWZYFDCZYH,海南澄迈长江村镇银行
,GXLYFUERCC,广西乐业农村商业银行
,ZBBANK,众邦银行
,ZJXLAIRCC,荥经县农村信用合作社联合社
,NGMSCZYH,田阳兴阳村镇银行
,HNQZCJCZYH,海南五指山长江村镇银行
,JXLHFMCZYH,樟树顺银村镇银行
,NLXJFJRCC,宁陵县农村信用合作联社
,YNLCLXRCC,云南临沧临翔农村商业银行
,SPXOJYRCC,松潘县农村信用合作社联合社
,GXYFRCC,广西永福农村合作银行
,SGNCRCC,韶关农村商业银行
,ZJXCPFCZYH,湖南平江汇丰村镇银行
,ZJNRCB,湛江农村商业银行股份有限公司
,JXSCTCRRCC,江西石城农村商业银行
,FCXRCC,方城县农村信用合作社联合社
,NYWCQRCC,南阳市宛城区农村信用合作联社
,EEGNSRCC,额尔古纳市农村信用合作联社
,ZJCSLHCZYH,湖南津市湘淮村镇银行
,DHYZRCC,大化瑶族自治县农村信用合作联社
,KCRXCZYH,宽城融兴村镇银行
,STSHPRCC,汕头市河浦农村信用合作社
,XMZYCZYH,江苏高淳武家嘴建信村镇银行
,YNLPRCC,云南罗平农村商业银行
,YJXCHSRCC,盐津县农村信用合作联社
,SZGMHNSCZYH,广州增城长江村镇银行
,NMNCRCC,内蒙古宁城农村商业银行
,HNSSRCC,河南商水农村商业银行
,PEMSCZYH,海南白沙长江村镇银行
,GTCTHCB,古田刺桐红村镇银行
,ZXJYCZYH,宜丰中银富登村镇银行
,ETKQQMYCZYH,海南琼中长江村镇银行
,SCLCNCB,四川隆昌农村商业银行股份有限公司
,CSFB,瑞士信贷第一波士顿银行
,YAHMCZYH,云安惠民村镇银行
,ZJSMYZCZYH,淮安清河兴福村镇银行
,HZZZDYCZYH,大通中银富登村镇银行
,HNRCU,河南省农村信用社
,HNFCFYCZYH,淮安清浦兴福村镇银行
,PQHSCZYH,资溪九银村镇银行
,HNSYSYRCB,湖南邵阳昭阳农村商业银行股份有限公司
,SZLGDYCZYH,汨罗中银富登村镇银行
,AXMSCZYH,安溪民生村镇银行
,GZZRCC,甘孜州农村信用联社
,KLLACB,垦利乐安村镇银行
,HNLSCGTRCC,河南罗山农村商业银行
,HZRCB,惠州农村商业银行
,YZSTCZYH,湖南华容星龙村镇银行
,YZSRCC,禹州市农村信用合作联社
,ZJDTFMCZYH,东莞常平新华村镇银行
,LBMZCQNCOFF,漯河市郾城区农村信用合作联社
,GYHNSCZYH,南充嘉陵中成村镇银行
,JJHTCZYH,保定满城区利丰村镇银行
,FSXDSLRCC,抚顺县东四路农村信用合作社
,ZJMSCZYH,界首中银富登村镇银行
,HDYNQLCZYH,桓台青隆村镇银行
,NXZNQYCZYH,犍为中成村镇银行
,DRXRCC,得荣县农村信用合作联社
,NJRCB,内江农村商业银行
,LHXEOORCC,炉霍县农村信用合作联社
,ZZZCCZYXABC,涿州中成村镇银行
,KEQZYHQRCB,科尔沁左翼后旗农村信用合作联社
,LZXJCCZYH,文山广南长江村镇银行
,YLBANK,吉林亿联银行股份有限公司
,LZYDXHCZYH,郑州珠江村镇银行
,GXDXDLFRCC,广西东兴农村商业银行
,LZQLHXHCZYH,中牟郑银村镇银行
,YNSPBYCZYH,广水楚农商村镇银行
,FSXSMRCC,抚顺县上马农村信用合作社
,HNHXEDTRCC,河南滑县农村商业银行
,HNZPRCC,河南镇平农村商业银行
,HNHJXNRCC,湖南洪江湘农村镇银行股份有限公司
,LJRCB,四川罗江农村商业银行
,JZZJCZYH,嘉祥中银富登村镇银行
,HSHSCZYH,梅河口民生村镇银行
,WLDXJYCZYH,尉犁达西冀银村镇银行
,LTZYFDCZYH,云南元江北银村镇银行
,LSJZMFCZYH,晋中市榆次融信村镇银行
,NBNHJXCB,宁波宁海建信村镇银行
,SHJDMSCZYH,祁县晋融村镇银行
,WDZCCZYH,奎屯国民村镇银行
,ZGYTRCC,自贡市沿滩区农村信用合作社联合社
,KYFMCZYH,新郑郑银村镇银行
,CCFCCB,城市商业银行资金清算中心
,SZNSBSCZYH,山东邹平青隆村镇银行
,HNRZRCC,河南汝州农村商业银行
,YLGMCZYH,淳化中银富登村镇银行
,MEKXRCC,马尔康县农村信用合作社联合社
,SXHZNZHFCZYH,海南屯昌长江村镇银行
,NXQTXHLSCZYH,宁夏青铜峡贺兰山村镇银行
,ZGSDAQRCC,自贡市大安区农村信用合作联社
,JSZJLHCZYH,响水中银富登村镇银行
,ZHLXCZYH,赞皇隆兴村镇银行
,ZYYJRCC,资阳雁江农村合作银行
,YXHMCZYH,湖南隆回湘江村镇银行
,YJXTDQRCC,雅江县农村信用合作联社
,ZTNSH,四川梓潼农村商业银行
,ZYXCQRCB,左云县长青村镇银行
,JSSYDWCZYH,海南昌江长江村镇银行
,WUSXZSNCFDK,山西省忻州市农村信用合作社联合社
,YNPESMRCC,云南普洱思茅农村商业银行
,FJJCCTHCB,福建蕉城刺桐红村镇银行
,DXTWCGRCC,定西市通渭县城关信用社
,ZXPFCZYH,重庆万州建信村镇银行
,HNLNRCC,河南洛宁农村商业银行
,YAXHSKRCC,姚安县农村信用合作联社
,IELZSXHDCZYH,稷山县河东村镇银行
,ZSZCCZYXJWA,泸水中成村镇银行
,QXKNCXYHHUM,华宁县农村信用合作社联合社
,THRDCZYXSOO,龙井榆银村镇银行
,SCGHNCB,四川广汉农村商业银行股份有限公司
,XJXRCC,小金县农村信用合作社联合社
,TJFMCZYH,随县楚农商村镇银行
,LNXYJYCZYH,辽宁岫岩金玉村镇银行
,JSJNSYCZYH,广东恩平汇丰村镇银行
,JNGXCZYH,济宁高新村镇银行
,DYHKZCCZYH,中山东凤珠江村镇银行
,WLTHQRCC,乌拉特后旗农村信用合作联社
,CZSYHQLCZYH,蒲城中银富登村镇银行
,ZYXTXCZYH,湖北天门汇丰村镇银行
,FJLCHXCZYH,沙洋中银富登村镇银行
,QYLACZYH,庆云乐安村镇银行
,MSMYCB,密山民意村镇银行
,NJJDCZYH,宁津胶东村镇银行
,FGXSHVRCC,扶沟县农村信用合作联社
,AHXABANK,安徽新安银行
,JXFSCZYH,枣强丰源村镇银行
,JXNDRCC,江西宁都农村商业银行
,YSXIMZRCC,永善县农村信用合作联社
,PYYRCZYH,平原圆融村镇银行
,SZXFCZYH,魏县齐鲁村镇银行
,DQHRCZYH,云南西山渝农商村镇银行
,FJQZJNCB,福建泉州台商投资区晋农商村镇银行
,ZJPFCZYH,山东邹城中银富登村镇银行
,CCJYYYCZYH,湖南汉寿星龙村镇银行
,WLMQMDPFCZYH,安丘北海村镇银行
,GXSSRCC,广西上思农村商业银行
,KBYFCZYH,康保银丰村镇银行
,RXKXLRCC,容县农村信用合作社联合社
,LSLFCZYH,涞水利丰村镇银行
,JWRCB,四川犍为农村商业银行股份有限公司
,SWCTHCZYH,蓬莱民生村镇银行
,BYNESLHHHCZYH,武定兴福村镇银行
,BTSGXYTCZYH,通榆农商村镇银行
,CHEYYZQRCC,内蒙古乌兰察布市察哈尔右翼中旗农村信用合作社联合社
,JXDYRCC,江西大余农村商业银行
,ZHNPCZYH,四川名山锦程村镇银行
,DXTWJCRCC,定西市通渭县鸡川信用社
,HNBFRCC,河南宝丰农村商业银行
,XXHDCZYH,湖南溆浦湘江村镇银行
,NNZNQRCC,南宁市邕宁区农村信用合作联社
,CZSRCC,沧州市农村信用合作社联合社
,ZNCTHCZYH,敖汉惠农村镇银行
,SXCNSCZYH,重庆丰都汇丰村镇银行
,PBQCZGCMSCZYH,池州贵池民生村镇银行
,STCYRHCZYH,湖南汝城新阳村镇银行
,JXWNSBWRCC,江西万年农村商业银行
,DXTWLSRCC,定西市通渭县陇山信用社
,TJBHDSCZYH,福建连城杭兴村镇银行
,LSTYCZYH,开鲁蒙银村镇银行
,JCHNZYZRCC,江城哈尼族彝族自治县农村信用合作联社
,CCPZGXFCZYH,崇仁九银村镇银行
,CGZYFDCZYH,浙江青田中银富登华侨村镇银行
,LYLSYYCZYH,浦城中成村镇银行
,GXLJLYCZYH,鹤山珠江村镇银行
,UNIONPAY1,中国银联股份有限公司
,HLJFYRCB,黑龙江富裕农村商业银行
,DXTWYGRCC,定西市通渭县义岗信用社
,DLBCCJCZYH,莱芜中成村镇银行
,ZLTSRCC,扎兰屯市农村信用合作联社
,KFSDRCC,开封宋都农村商业银行
,AKSHSKZRCC,阿克塞哈萨克族自治县农村信用合作联社
,WCHMCZYH,渑池齐鲁村镇银行
,LZRCU,泸州农村商业银行股份有限公司
,HNMJRCC,河南孟津农村商业银行
,JXLXFMCZYXUKJ,青岛城阳珠江村镇银行
,PZJYCZYH,彭泽九银村镇银行
,EMSSRCC,峨眉山市农村信用合作社联合社
,YGXXDCZYH,阳高县兴都村镇银行
,JXZYBSSRCC,江西弋阳农村商业银行
,LZXXTCZYH,邵武刺桐红村镇银行
,WHJXMSCB,武汉江夏民生村镇银行
,DLBSQZJCZYH,潮州潮安长江村镇银行
,JXYFUSQRCC,江西宜丰农村商业银行
,QCXJCCB,庆城县金城村镇银行
,ZQBNPFCZYH,安龙兴龙村镇银行
,CCKCRHCZYH,湖南桃江建信村镇银行
,JXSLRCC,江西上栗农村商业银行
,HQXRCC,鹤庆县农村信用合作联社
,FJHTBANK,华通银行
,LCXRLNRCC,隆昌县农村信用合作社联合社
,WYSBFCZYH,普定富民村镇银行
,ZAZYFDCZYH,正安中银富登村镇银行
,HKJYCZYH,湖口九银村镇银行
,BXHFCZYH,垣曲县河东村镇银行
,HAQPXFCZYH,扶风浦发村镇银行
,PCXXUPRCC,平昌县农村信用合作社联合社
,NKGSCZYH,济南高新北海村镇银行
,JCXLMDRCC,建昌县喇嘛洞农村信用合作社
,TAYLCQNCYOV,朝阳市龙城区农村信用合作社联合社
,ZJHYCZYXOJV,沧州盐山新华村镇银行
,QFZYFDCZYH,呼图壁津汇村镇银行
,HNCMCJCZYH,夏县河东村镇银行
,HNNYTNSCZYH,宜都民生村镇银行
,ZJRXCZYH,涿鹿利丰村镇银行
,GXRCU,广西壮族自治区农村信用社联合社
,HNDKTNSCZYH,保山昌宁长江村镇银行
,DYRTCZYH,贺州八步东盈村镇银行
,WZMSBANK,温州民商银行
,SCCDPJMFCZYH,乌苏利丰村镇银行
,LJYYCZYH,长宁中成村镇银行
,HNXXAQNRCC,河南新县农村商业银行
,JZHSCZYH,广西浦北国民村镇银行
,YGHNSCZYH,建水沪农商村镇银行
,HNHSCZYH,安康汉滨中银富登村镇银行
,JCXGEWRCC,金川县农村信用合作社联合社
,BJDXJYCZYH,凤冈中银富登村镇银行
,QHPADTCZYH,泰和中银富登村镇银行
,HHHTSRYMYCZYH,哈尔滨宾洲村镇银行
,XXXXTCZYH,新绛县新田村镇银行
,ING,荷兰商业银行
,SHZGMCZYH,平陆县河东村镇银行
,WYSRCC,万源市农村信用合作社联合社
,XJJDCZYH,夏津胶东村镇银行
,WJQGMCZYH,崇左大新长江村镇银行
,AHZXTYCZYH,昌邑北海村镇银行
,GXLCIDHRCC,广西柳城农村合作银行
,YLHZCZYH,陕西岐山长银村镇银行
,SCJYRCB,四川简阳农村商业银行
,GSTJCZYH,茌平沪农商村镇银行
,PZHRCB,攀枝花农村商业银行
,HLBERCC,呼伦贝尔农村商业银行
,ZMHNSCZYH,西双版纳勐腊长江村镇银行
,KLDNCZYH,旬邑中银富登村镇银行
,MCHZZZXRXCZYH,孟村回族自治县融信村镇银行
,WQJYCZYH,武强家银村镇银行
,SCOTIA,丰业银行
,HYXMBYRCC,红原县农村信用合作社联合社
,JXJZRCC,江西江州农村商业银行
,JCXBJZRCC,建昌县八家子农村信用合作社
,KLXECCRCC,开鲁县农村信用合作联社
,NYWLQRCC,南阳市卧龙区农村信用合作联社
,WHDXHYZCZYH,望都中成村镇银行
,WGBSCZYH,湖南芷江湘江村镇银行
,GXLPRCC,广西荔浦农村合作银行
,JXRCB,郏县农村信用合作联社
,YNRCC,云南省农村信用社
,HAQHXFCZYH,南华兴福村镇银行
,MHKMSCZYH,海阳珠江村镇银行
,KEQYYZQRCC,内蒙古兴安盟科尔沁右翼中旗农村信用合作社联合社
,SHHR,上海华瑞银行
,ADXFCB,安达幸福村镇银行
,JXZXRCC,江西资溪农村商业银行
,FJXFCZYH,富锦幸福村镇银行
,LNZCCZYH,兰考齐鲁村镇银行
,TCKLCZYH,大理洱源长江村镇银行
,MDXFFJRCC,牟定县农村信用合作联社
,SXHXHSCZYH,建湖中成村镇银行
,ZJLAZXCZYH,湖南南县湘江村镇银行
,GDLPRCB,广东连平农村商业银行
,XYZJCZYH,宁晋民生村镇银行
,LLYRCZYH,乐陵圆融村镇银行
,DWZMQQRCC,东乌珠穆沁旗农村信用合作联社
,JXYGRCC,江西余干农村商业银行
,TJBHYZCZYH,重庆长寿中银富登村镇银行
,DAHFCB,定安合丰村镇银行
,YXIZGXFCZYH,秭归兴福村镇银行
,JXNFRCC,江西南丰农村商业银行
,ZZZCCZYH,重庆璧山工银村镇银行
,HSZJCZYH,山东文登建信村镇银行
,JRCZYZQNEDW,科尔沁左翼中旗农村信用合作联社
,DHMSCJCZYH,重庆荣昌汇丰村镇银行
,TJXTFQRCC,通江县农村信用合作社联合社
,FJSXCXCZYH,福建松溪长信村镇银行
,THXRCC,唐河县农村信用合作社联合社
,NXHSBHFCZYH,綦江民生村镇银行
,QHMYDTCZYH,道真中银富登村镇银行
,CFQGXSLGMCZYH,资阳民生村镇银行
,QJMLRCC,曲靖市马龙区农村信用合作联社
,SCLZRCB,四川阆中农村商业银行股份有限公司
,CLHNSCZYH,常州钟楼长江村镇银行
,QJXRCC,巧家县农村信用合作联社
,FJYTCXCZYH,福建永泰长信村镇银行
,HBXAWNSCZYH,本溪丰业村镇银行
,ZCBSCZYH,阳信河海村镇银行
,HPGMCZYH,本溪丰泰村镇银行
,ZJSCFMCZYH,长阳兴福村镇银行
,TAHNSCZYH,重庆南岸中银富登村镇银行
,LXZCCZYH,滦县中成村镇银行
,JRSNCZYH,重庆铜梁浦发村镇银行
,HBSZZDHFCZYH,重庆永川北银村镇银行
,QYSXFRXCZYH,霍林郭勒蒙银村镇银行
,CYXXHLRCC,朝阳县新华路农村信用合作社
,LZXSEZRCC,临颍县农村信用合作联社
,ABZRCC,阿坝州农村信用联社
,ZJTXMTCZYH,开县泰业村镇银行
,SZWQRCC,四子王旗农村信用合作联社
,ZZZYFDCZYH,平遥县晋融村镇银行
,ZJSYFMCZYH,广西鹿寨渝农商村镇银行
,JARCB,四川江安农村商业银行
,JXLARCC,江西乐安农村商业银行
,TSCNSRCC,通山楚农商村镇银行
,HNYJRCC,河南延津农村商业银行
,HNLXSSRCB,湖南临湘农村商业银行股份有限公司
,RZLHCZYH,龙里国丰村镇银行
,BTXRCC,巴塘县农村信用合作联社
,DAYZRCC,都安瑶族自治县农村信用合作联社
,WNTQRCC,翁牛特旗农村信用合作联社
,GXTDHPLRCC,广西天等农村商业银行
,PWXRCC,平武县农村信用合作社联合社
,BTQSHRCB,包头青山河套村镇银行股份有限公司
,LJYSCJCZYH,闻喜县晋融村镇银行
,SYXTXCZYH,珠海南屏村镇银行
,GZCTHCZYH,广西兴业柳银村镇银行
,SZSSCQMYCZYH,长岭蛟银村镇银行
,FZXXTCZYH,黄梅中银富登村镇银行
,BLSRCC,北流市农村信用合作社联合社
,ZDRCBANK,肇庆端州农村商业银行
,LPRXCZYH,通辽金谷村镇银行
,HNXSXHCZYH,云南鹤庆渝农商村镇银行
,GDYDRCB,广东阳东农村商业银行
,ZQRCB,肇庆农村商业银行股份有限公司
,HYXLJPRCC,洪雅县农村信用合作社联合社
,HNYXNCCZYH,湖南江永湘农村镇银行
,YBJJRCB,四川宜宾金江农村商业银行
,XCXYMMRCC,乡城县农村信用合作联社
,JXXSRCC,江西修水农村商业银行
,GDYDTLCZYH,长汀汀州红村镇银行
,GXNPRCC,广西那坡农村商业银行
,SDLLCB,山东兰陵村镇银行
,LLHZCZYH,柳林汇泽村镇银行
,BSLYHNSCZYH,长春双阳吉银村镇银行
,WXXNCZYH,威县邢农商村镇银行
,CLZYCZYH,安阳珠江村镇银行
,JXHKRCC,江西湖口农村商业银行
,QJZYFDCNZH,潜江中银富登村镇银行
,GYZHQRCC,广元市昭化区农村信用合作联社
,KMWHCJCZYH,嵩县兴福村镇银行
,YNWSSRCC,云南文山市农村商业银行
,GAHSCZYH,团风楚农商村镇银行
,GBDZCCZYH,新津珠江村镇银行
,BPSRCC,北票市农村信用合作社联合社
,YQZYFDCZYH,余庆中银富登村镇银行
,XCXMEZRCC,忻城县农村信用合作联社
,GDLCRCB,广东龙川农村商业银行
,NJMSCZYH,固始天骄村镇银行
,ZXCNSCZYH,西双版纳勐海长江村镇银行
,FGXBQYRCC,福贡县农村信用合作联社
,AHSXLHCZYH,永新庐陵村镇银行
,BXTSCZYH,曲周恒升村镇银行
,NZYZRCC,宁蒗彝族自治县农村信用合作联社
,LNDSQLFCZYH,彭山珠江村镇银行
,SCRCU,四川省农村信用社联合社
,LNHCJHCZYH,辽宁海城金海村镇银行
,DMHSCZYH,沧州海兴新华村镇银行
,RQYLSKLCZYH,成安齐鲁村镇银行
,MZHNSCZYH,玉溪澄江中成村镇银行
,ZYXCGRCC,山西省吕梁市中阳县城关农村信用社
,JXJXSGNRCC,江西金溪农村商业银行
,AHHNCZYH,无棣中成村镇银行
,SXSNJLCB,陕西商南聚利村镇银行
,FCGSQRCC,防城港市区农村信用合作联社
,GDHSCZYH,当阳兴福村镇银行
,DZBKMCGHXCZYH,昆明呈贡华夏村镇银行
,BTSKDLMYCZYH,奉新九银村镇银行
,FSWHFYCZYH,五家渠国民村镇银行
,HZXABNRCC,会泽县农村信用合作联社
,ZJFYHTCZYH,蛟河吉银村镇银行
,LNQSJQCZYH,辽宁千山金泉村镇银行
,JXRCRCC,江西瑞昌农村商业银行
,PNCTHCZYH,屏南刺桐红村镇银行
,BSYJHRCZYH,大理巍山长江村镇银行
,HBCBCJCZYH,老河口中银富登村镇银行
,YFZYFDCZYH,晴隆兴安村镇银行
,CYBHCZYH,鄂托克前旗蒙银村镇银行
,QDZSJYCZYH,武胜中银富登村镇银行
,SCQCRCB,四川青川农村商业银行股份有限公司
,JZSSNSCZYH,睢宁中银富登村镇银行
,PBDLCZYH,平坝鼎立村镇银行
,ZYXJLRCC,山西省吕梁市中阳县金罗农村信用社
,HLJRCU,黑龙江省农村信用社联合社
,DLWSCJCZYH,东莞虎门长江村镇银行
,BXSQPSRCC,本溪市市区平山农村信用合作社
,DJYJDCZYH,安福中银富登村镇银行
,BXSQTDRCC,本溪市市区通达农村信用合作社
,ZYXZKRCC,山西省吕梁市中阳县枝柯农村信用社
,BXNXTRCC,本溪市市区牛心台农村信用合作社
,BXSQDFRCC,本溪市市区东风农村信用合作社
,CCSYJYCZYH,滑县中银富登村镇银行
,SHQPCTHCZYH,涉县齐鲁村镇银行
,HNTDRCB,湖南通道农村商业银行股份有限公司
,LNSDCZYH,福建平潭渝农商村镇银行
,FZSRCC,丰镇市农村信用合作联社
,CYXLCRCC,朝阳县柳城农村信用合作社
,JXYSRCC,江西玉山农村商业银行
,YZXMSCZYH,禹州新民生村镇银行
,SJXFRHRCC,绥江县农村信用合作联社
,HNHTRCB,湖南会同农村商业银行股份有限公司
,FSDZFYCZYH,福建闽清瑞狮村镇银行
,BJMTGZJCZYH,上海青浦刺桐红村镇银行
,GXLCERFRCC,广西陆川农村商业银行
,PLMSCZYH,岳池中银富登村镇银行
,DZXICZRCC,大竹县农村信用合作社联合社
,XXFYCZYH,昆明马金铺中成村镇银行
,JXYZRCC,金秀瑶族自治县农村信用合作联社
,SQSCXFCZYH,江门新会新华村镇银行
,HJRHCZYH,个旧沪农商村镇银行
,ZGCBANK,北京中关村银行
,JXYMYH,江西裕民银行股份有限公司
,CXMSCZYH,滦南中成村镇银行
,SCXHRCB,四川宣汉农村商业银行
,GXLSRCC,广西龙胜农村商业银行
,TZGGXFCZYH,东莞大朗东盈村镇银行
,YHFSCZYH,晋中市左权华丰村镇银行
,LZGJSPXHYCZYH,湖南道县神农村镇银行
,ZJSPTQRCC,湛江市坡头区农村信用合作联社
,GGSQRCC,贵港市区农村信用合作联社
,ZCXUVBRCC,柘城县农村信用合作联社
,YNCNRCC,云南昌宁农村商业银行
,GYCTRCC,广元市朝天区农村信用合作社联合社
,DEHMMARCC,达尔罕茂明安联合旗农村信用合作联社
,SCNBRCB,四川南部农村商业银行股份有限公司
,SDGXQFCZYH,山东冠县齐丰村镇银行
,WJXCGRCC,无极县城关农村信用合作社
,GHXSJJRCC,广河县三甲集农村信用合作社
,EMSZCCZYH,龙口中银富登南山村镇银行
,GDSHTLCZYH,安徽利辛湖商村镇银行
,SZSYCZYH,湖南宁远潭农商村镇银行
,XLGLMXHQRCC,内蒙古锡林郭勒盟镶黄旗农村信用合作社联合社
,FJSXYNSCZYH,谷城中银富登村镇银行
,CFSSLNCB,赤峰市松山立农村镇银行
,JZSYCRXCZYH,五莲中银富登村镇银行
,HNXNRCB,湖南新宁农村商业银行股份有限公司
,GXGCRCC,广西恭城农村商业银行
,NNXNCJCZYH,铜仁丰源村镇银行
,RYMSCZYH,陕西吴起汇发村镇银行
,KTB,泰京银行
,YCNCJVPRCC,宜春农村商业银行
,CZCAQRCC,潮州市潮安区农村信用合作联社
,FSSTCZYH,黄骅青隆村镇银行
,YNYLRGMRCC,云南玉龙农村商业银行
,SGSQRCC,韶关市区农村信用合作联社
,NPRXCB,南皮融信村镇银行
,ZCZYFDCZYH,习水中银富登村镇银行
,GYGSHFMCZYH,宁国民生村镇银行
,HNZMRCB,河南中牟农村商业银行
,DBSHMCZYH,调兵山惠民村镇银行
,BYBBWCZYH,曹县中银富登村镇银行
,SCHSABANK,桑坦德银行
,HJDZCZYH,辽宁桓仁锦银村镇银行
,EEDSSDSMYCZYH,阳江阳春长江村镇银行
,LNZXBANK,辽宁振兴银行
,SNBANK,苏宁银行
,JXGXDYNRCC,江西赣县农村商业银行
,LLXFCZYH,湖南新宁潭农商村镇银行
,GDYF,广东云浮农村商业银行股份有限公司
,FXRCC,范县农村信用合作联社
,MLRCC,孟连傣族拉祜族佤族自治县农村信用合作联社
,ZJDHDSCZYH,广州黄埔融和村镇银行
,CERZXZYCZYH,淇县中原村镇银行
,JXTGRCC,江西铜鼓农村商业银行
,YRXRCC,永仁县农村信用合作联社
,GDHJRCB,广东怀集农村商业银行
,WZZYFDCZYXYUQ,东阿青隆村镇银行
,YSRCBANK,四川营山农村商业银行
,HLJYAXRCC,黑龙江省依安县农村信用联社
,JLRCB,四川筠连农村商业银行
,MZRCB,梅州农村商业银行
,SDFMCZYH,南漳中银富登村镇银行
,DLXZTARCC,多伦县农村信用合作联社
,QYQXRCC,清远市清新区农村信用合作联社
,HVNCZGCMSCZYH,东兴国民村镇银行
,ZCXEEERCC,桦川县农村信用合作联社
,LXSZCZYH,宁夏平罗县沙湖村镇银行
,DCXVYERCC,稻城县农村信用合作联社
,ZJRAHSCZYH,云南新平北银村镇银行
,LZZJCZYH,莱州珠江村镇银行
,BPSWJFRCC,北票市五间房农村信用合作社
,PZMSCZYH,彭州民生村镇银行
,QHJDCZYH,齐河胶东村镇银行
,WSCGDYRCC,山西省吕梁市文水县城关第一农村信用社
,ZLQHZCZYH,正蓝旗汇泽村镇银行
,SCYLHMCZYH,万宁国民村镇银行
,AHGDYZCZYH,东营融和村镇银行
,XSBNZLCJCZYH,黑龙江肇东中银富登村镇银行
,KZZJMKPCJCZYH,江门开平长江村镇银行
,JXDCRCC,江西都昌农村商业银行
,WSCGDERCC,山西省吕梁市文水县城关第二农村信用社
,ZJSCKQRCC,湛江市赤坎区农村信用合作联社
,LCHNSCZYH,武汉东西湖扬子村镇银行
,HSSYMTRCC,合山市农村信用合作联社
,SZWMYCZYH,曲沃县新田村镇银行
,YJHLLLCZYH,神池县河东村镇银行
,SCTQNCSYYH,四川天全农村商业银行股份有限公司
,HNLYRCU,河南鹿邑农村商业银行
,BXSQXDRCC,本溪市市区兴达农村信用合作社
,BXSQDXRCC,本溪市市区东兴农村信用合作社
,BXSQFJRCC,本溪市市区富佳农村信用合作社
,LNHRJYCZYH,翁牛特立农村镇银行
,BSLYQRCC,保山市隆阳区农村信用合作联社
,HNYSRCB,湖南永顺农村商业银行股份有限公司
,HNCXRCB,湖南辰溪农村商业银行股份有限公司
,ZJSMZQRCC,湛江市麻章区农村信用合作联社
,JXDXLZERCC,江西德兴农村商业银行
,SLJYCZYH,舒兰吉银村镇银行
,ZHJYCZYH,安陆楚农商村镇银行
,WSYSCJCZYH,文山砚山长江村镇银行
,WSXKZRCC,山西省吕梁市文水县开栅农村信用社
,SDLZJFCZYH,海南保亭融兴村镇银行
,SXBANK,三湘银行
,GXMSJGDRCC,广西蒙山农村商业银行
,FJPTYNSCZYH,蓝田中银富登村镇银行
,GXLZAQSRCC,广西龙州农村商业银行
,SDSSQFCZYH,山东泗水齐丰村镇银行
,NBXZCCZYH,南部县中成村镇银行
,NMWLTRCC,内蒙古乌拉特农村商业银行
,XBMZSSCCC,新宾满族自治县苏水城市信用合作社
,THDCYYCZYH,临颍中银富登村镇银行
,XCDLMTCZYH,象山中银富登村镇银行
,GDGNRCB,广东广宁农村商业银行
,ZYRCU,资阳农村商业银行
,QXQLCZYH,德宏芒市长江村镇银行
,SCQXRCB,四川渠县农村商业银行
,GXCZGNRCC,广西崇左桂南农村商业银行
,QYQXHMCZYH,清远清新惠民村镇银行
,WSXXYRCC,山西省吕梁市文水县孝义农村信用社
,WHJXMSCZYH,临泉中银富登村镇银行
,HNDAXLCZYH,雄县丰源村镇银行
,HHJRCB,湖南洪江农村商业银行股份有限公司
,WSMFCZYH,广西桂平村镇银行
,YNLLRCC,云南陆良农村商业银行
,QCXDOVRCC,青川县农村信用合作社联合社
,HBGACB,湖北公安中银富登村镇银行
,DZCPXHCZYH,蕲春中银富登村镇银行
,JXDXMZSRCC,江西东乡农村商业银行
,GYHXJSCZYH,庐山九银艺术村镇银行
,NXPYHLSCZYH,临澧沪农商村镇银行
,ZLXPGRRCC,勐腊县农村信用合作联社
,HNTKRCC,河南太康农村商业银行
,DFFMCZYH,新余渝水湘淮村镇银行
,PAXNCXYHZS,蓬安县农村信用合作社
,QZZYFDCZYH,太和中银富登村镇银行
,YXLLCZYXJTT,临沧临翔沪农商村镇银行
,JSXSJXCZYH,山东沂南蓝海村镇银行
,SEB,瑞典北欧斯安银行有限公司
,GARCB,四川高县农村商业银行
,GXXAMXCZYH,松滋中银富登村镇银行
,GXLCLYCZYH,保康楚农商村镇银行
,XPCFCZYH,南宁马山长江村镇银行
,GZXRKSRCC,甘孜县农村信用合作联社
,QDJMHMCZYH,漳浦民生村镇银行
,QLXACZYH,隰县新田村镇银行
,GXRCB,四川珙县农村商业银行
,FJDTJNSCZYH,福建大田晋农商村镇银行
,SNSSZRCC,遂宁市遂州农村信用合作联社
,GXTYRCC,广西田阳农村商业银行
,WSXFCRCC,山西省吕梁市文水县凤城农村信用社
,FJJZRSCZYH,鄂尔多斯市塔拉壕金谷村镇银行
,YJJQCZYH,辽源西安区榆银村镇银行
,SCSFRCB,四川什邡农村商业银行
,JSZHDWCZYH,光泽刺桐红村镇银行
,LZQSQRCC,武威市凉州区上泉农村信用合作社
,LTCNSCZYH,丽江玉龙长江村镇银行
,QJZYRCC,曲靖市沾益区农村信用合作联社
,JXJSRCC,江西吉水农村商业银行
,ZGRCB,自贡农村商业银行股份有限公司
,HNDZRCC,河南邓州农村商业银行
,ZJHMCZYH,扬州高邮兴福村镇银行
,ZQNAZYFDCZYH,宜阳兴福村镇银行
,YARCB,雅安农村商业银行
,CLJYCZYH,昌黎家银村镇银行
,YAXEQFRCC,依安县农村信用合作联社
,OCOZSXHDCZYH,云南香格里拉渝农商村镇银行
,SNHCRCC,张掖市肃南县皇城信用社
,LWZCCZYH,腾冲民生村镇银行
,ZXMXGRCC,睢县农村信用合作联社
,SDGQHJCZYH,山东高青汇金村镇银行
,SCWYRCB,四川威远农村商业银行
,JNGXBHCZYH,白银平川中银富登村镇银行
,CDQBJRXCZYH,东乌珠穆沁农信开元村镇银行
,WWILNSSCZYH,辽宁首山村镇银行
,JXJARCC,江西靖安农村商业银行
,WLTZQMYCZYH,南宁兴宁长江村镇银行
,AHTLTYCZYH,厦门翔安民生村镇银行
,FJSSYNSCZYH,巴中中银富登村镇银行
,OJASZCFCZYH,宁夏彭阳贺兰山村镇银行
,HNTXRCC,河南通许农村商业银行
,BSCNCJCZYH,万州中银富登村镇银行
,SCBCQXFMCZYH,防城港防城国民村镇银行
,BJYAHWYHSCZYH,安徽涡阳湖商村镇银行
,ZTZYFDCSZJ,湄潭中银富登村镇银行
,NCJLZCCZYH,石家庄新华恒升村镇银行
,ZJJSJXCZYH,安塞农银村镇银行
,YNFQRCC,云南凤庆农村商业银行
,JJLSZYCZYH,分宜九银村镇银行
,PLZZRXCZYH,福建永安汇丰村镇银行
,ZJQYTLCZYH,陕西安塞建信村镇银行
,FSXGDXRCC,富顺县农村信用合作联社
,KYSAKGRCC,开远市农村信用合作联社
,YNZLRCC,云南勐腊农村商业银行
,YKHCCZYH,行唐利丰村镇银行
,HNYYUFERCC,河南原阳农村商业银行
,NCGPRCC,南充市高坪区农村信用合作社联合社
,MXFCBRCC,茂县农村信用合作社联合社
,TLJGCZYH,沈丘中银富登村镇银行
,DLXFLWRCC,丹棱县农村信用合作社联合社
,TNHMCZYH,洮南惠民村镇银行
,LZSQRCC,柳州市区农村信用合作联社
,JMDBHMCZYH,宜城中银富登村镇银行
,BARCLAYS,英国巴克莱银行有限公司
,HNBJRCB,湖南保靖农村商业银行股份有限公司
,LGHFCZYH,石河子国民村镇银行
,QDHFCZYH,祁东惠丰村镇银行
,GASYRCB,广安思源农村商业银行股份有限公司
,HNXYRCB,湖南湘阴农村商业银行股份有限公司
,GXMSIDMRCC,广西马山农村商业银行
,SNTYQRCC,苏尼特右旗农村信用合作联社
,XWSRCC,宣威市农村信用合作联社
,GXLJRCC,广西柳江农村合作银行
,GXJXRCC,广西靖西农村商业银行
,YCTSCZYH,汶上中银富登村镇银行
,HNBTRXCZYH,重庆涪陵中银富登村镇银行
,HGSSQBHDRCC,鹤岗市市区农村信用合作联社
,HNYCRCC,河南伊川农村商业银行
,JLCNSCB,江陵楚农商村镇银行
,FSXBFYCZYH,沧州市运河青隆村镇银行
,CXRCB,四川苍溪农村商业银行
,SZFTYZCZYH,惠安中成村镇银行
,SNCTHCZYH,玉屏长征村镇银行
,SNCTHCB,寿宁刺桐红村镇银行
,LZSMMTRCC,林州市农村信用合作联社
,ZQDJZYFDCZYH,安义融兴村镇银行
,ZQLPAXCZYH,兴平中银富登村镇银行
,TYNSCZYH,山东博兴新华村镇银行
,JPXOLXRCC,金平县农村信用合作联社
,GPSTXCZYH,枞阳泰业村镇银行
,XCZYFDCZYH,达拉特中银富登村镇银行
,LZLMRCB,泸州龙马潭农村商业银行
,YJXJCCZYH,永靖县金城村镇银行
,TUASHZCCZYH,上杭中成村镇银行
,ABGQRCC,阿巴嘎旗农村信用合作联社
,AUESQLCZYH,石家庄栾城齐鲁村镇银行
,LLSRCC,吕梁市农村信用合作社联合社
,GXYSRCC,广西阳朔农村合作银行
,HSXGDCZYH,和顺县贵都村镇银行
,LSSJRCC,乐山三江农村商业银行
,LNBZJYCZYH,湖北随州曾都汇丰村镇银行
,GXSLRCC,广西上林农村商业银行
,FXXYTCZYH,枣阳中银富登村镇银行
,ELHTRCC,二连浩特农村合作银行
,GXDXCTERCC,广西大新农村商业银行
,XYXBRNRCC,叙永县农村信用合作社联合社
,AQBHCZYH,潍坊市寒亭区蒙银村镇银行
,RZHNSCZYH,上海嘉定民生村镇银行
,TMTZZYXEIP,通化融达村镇银行
,GXLZAZVRCC,广西鹿寨农村商业银行
,LCFSCZYH,江苏丹徒蒙银村镇银行
,LZXGKCRCC,乐至县农村信用合作联社
,SJDZRCC,三江侗族自治县农村信用合作联社
,MMDBCJCZYH,天水秦州长银村镇银行
,HNSNXNCZYH,湖南绥宁湘农村镇银行股份有限公司
,HNXPRCB,湖南溆浦农村商业银行股份有限公司
,TETDGQLCZYH,东光青隆村镇银行
,GXBBLYCZYH,桐梓中银富登村镇银行
,YXRFCZYH,云霄润发村镇银行
,YNLFRCC,云南禄丰农村商业银行
,TXTUMRCC,藤县农村信用合作社联合社
,QJXWCJCZYH,曲靖宣威长江村镇银行
,LLBJSJJRFCZYH,东丰吉银村镇银行
,GXQZRCC,广西全州农村合作银行
,ZZXMFNRCC,卓资县农村信用合作联社
,FXDSCZYH,武川立农村镇银行
,WLTQQDZCZYH,乌拉特前旗大众村镇银行
,HNJSXHCZYH,安徽肥东湖商村镇银行
,JLRCU,吉林省农村信用社联合社
,HNDKRCB,湖南洞口农村商业银行股份有限公司
,JJXRCC,夹江县农村信用合作联社
,TMTYQMYCZYH,湖南湘潭湘淮村镇银行
,LZZYFDCZYH,青龙融兴村镇银行
,KLMYCZYH,内蒙古托克托立农村镇银行
,WJMZQPSMTCZYH,邯郸永年齐鲁村镇银行
,WCLNCZYXAJA,汾西县太行村镇银行
,JSJHMTCZYH,重庆城口中银富登村镇银行
,BJFSHNSCZYH,浙江天台民生村镇银行
,SXRCU,山西省农村信用社
,ZQFLZYFDCZYH,韩城浦发村镇银行
,YXHTQXHCZYH,敦煌市金盛村镇银行
,ZJZYLHCZYH,修文江海村镇银行
,JXRFCZYH,铜鼓九银村镇银行
,GDQYRCB,广东清远农村商业银行
,JXFCRCC,江西丰城农村商业银行
,DLEYCJCZYXNWP,宜黄抚商村镇银行
,DTZYFDCZYH,茂名电白长江村镇银行
,ZHYHQRCC,漯河市源汇区农村信用合作联社
,NHZYFDCZYH,土默特左旗金谷村镇银行
,QGXRCC,青冈县农村信用合作联社
,SCDYRCB,四川大英农村商业银行
,YGCB,前郭县阳光村镇银行
,LCXDYZRCC,朝阳市龙城区西大营子农村信用合作社
,WLTZQRCC,乌拉特中旗农信社
,GYBSCZYH,长垣民生村镇银行
,NXHLHSCZYH,临猗县新田村镇银行
,FJSRCC,富锦市农村信用合作联社
,YNXPBYCZYH,克拉玛依金龙国民村镇银行
,JSRCU,江苏省农村信用社联合社
,XMXRCC,西盟县农村信用社
,DAQLCZYH,东营河口中成村镇银行
,LCQDQZRCC,朝阳市龙城区七道泉子农村信用合作社
,CYLCSCRCC,朝阳市龙城区沈承农村信用合作社
,MBYZRCC,马边彝族自治县农村信用合作社联合社
,AMBZJDYFMCZYH,包头市昆都仑蒙银村镇银行
,HNYYXJCZYH,盐城滨海兴福村镇银行
,ZCBHCZYH,重庆垫江中银富登村镇银行
,DWCNSCB,大悟楚农商村镇银行
,LCL,法国里昂信贷银行
,XYWCHFCB,陕西咸阳渭城汇发村镇银行
,SDLSQFCZYH,山东莱山齐丰村镇银行
,SDZFQFCZYH,山东芝罘齐丰村镇银行
,TLSKEQQRCC,内蒙古通辽市科尔沁区农村信用合作社联合社
,QYMZZXCCC,清原满族自治县中心城市信用合作社
,DGXQNSRCC,大关县农村信用合作联社
,HNBSCJCZYH,重庆大足汇丰村镇银行
,JJNCRCC,九江农村商业银行
,NMELCRCC,内蒙古鄂伦春农村商业银行
,SGQJRCC,韶关市曲江区农村信用合作联社
,GDYCRCB,广东阳春农村商业银行
,GDJDRCB,广东揭东农村商业银行
,FKXRBXRCC,封开县农村信用合作联社
,JXGCIEORCC,江西广昌农村商业银行
,JXLNRCC,江西龙南农村商业银行
,PCZCCZYH,阳谷沪农商村镇银行
,JXQNRCC,江西全南农村商业银行
,ZJPYPFCZYH,兰州安宁神舟村镇银行
,HNMYRCB,湖南麻阳农村商业银行股份有限公司
,MLDWDRCC,莫力达瓦达斡尔族自治旗农村信用合作联社
,XACAYZRCC,西安市长安区引镇农村信用合作社
,XLHTRCC,锡林浩特农村合作银行
,CHEYYQQRCC,内蒙古察哈尔右翼前旗农村商业银行
,HNSDRCB,湖南邵东农村商业银行股份有限公司
,MBOXGZYFDCZYH,新干中银富登村镇银行
,XACACQRCC,西安市长安区城区农村信用合作社
,GYRCC,广元农村商业银行
,GLRCB,四川古蔺农村商业银行
,QKIZNCSYRHN,河南新郑农村商业银行
,JSQDZJCZYH,兖州中成村镇银行
,DLTQRCC,达拉特旗农村信用合作联社
,GDJXRCB,广东揭西农村商业银行
,BBXRCC,博白县农村信用合作联社
,HCSQRCC,河池市区农村信用合作联社
,ZDXBITRCC,泸定县农村信用合作联社
,AHXZHSCZYH,杭锦后旗河套村镇银行
,HNXXHWERCC,河南息县农村商业银行
,NKSRCC,南康市农村信用合作联社
,ZGSZXRCC,自贡市中新农村信用合作联社
,PDSSLQRCC,平顶山市石龙区农村信用合作联社
,JSLSTSCZYH,安国中成村镇银行
,HNWZSCJCZYH,重庆梁平澳新村镇银行
,YNXGLLYNSCZYH,福建泰宁晋农商村镇银行
,TJSJZCZYH,永丰洪都村镇银行
,SCRSRCB,四川仁寿农村商业银行股份有限公司
,GZNCRCC,赣州农村商业银行
,BXSQTRCC,本溪市桥头农村信用合作社
,TAXTAZRCC,台安县台安镇农村信用合作社
,AHHZTYCZYH,云南马龙北银村镇银行
,YYXQTARCC,元阳县农村信用合作联社
,HMZYFDCZYH,阜宁民生村镇银行
,HYXFIXRCC,汉源县农村信用合作社联合社
,IKUNCXYHOBK,新野县农村信用合作社联合社
,GYPFCZYH,上海浦东建信村镇银行
,HZSZIIRCC,华蓥市农村信用合作社联合社
,ZJSDHDRCC,湛江市东海岛经济开发试验区农村信用合作联社
,JZGXRCC,九寨沟县农村信用合作社联合社
,LNLHJYCZYH,济源齐鲁村镇银行
,TAXCJRCC,台安县城郊农村信用合作社
,SDXKVZRCC,商都县农村信用合作联社
,SCXRFKRCC,商城县农村信用合作联社
,CWXRCC,苍梧县农村信用合作联社
,NCJLRCC,南充市嘉陵区农村信用合作社联合社
,BXSBTRCC,本溪市北台农村信用合作社
,SDSHHJCZYH,山东商河汇金村镇银行
,YCXSHCZYH,阳城县三禾村镇银行
,HDXYCZYH,湖南衡东新阳村镇银行
,JXGARCC,江西高安农村商业银行
,LZHNSCZYH,宜昌夷陵兴福村镇银行
,JXRJRCC,江西瑞金农村商业银行
,YCBHXFCZYH,罗田楚农商村镇银行
,EIS,电子联行转换中心
,HAHYXFCZYH,瑞丽沪农商村镇银行
,TSSFNSFCZYH,昭通昭阳富滇村镇银行
,TDBBWCZYH,陆良兴福村镇银行
,KLQYLCZYH,望谟富民村镇银行
,GZCHLYCZYH,上饶中银富登村镇银行
,ZZSXKSRCC,阆中市农村信用合作联社
,SZSSYCZYH,大理宾川长江村镇银行
,NMXWZMQRCC,内蒙古西乌珠穆沁农村商业银行
,HNYXRCC,河南叶县农村商业银行
,BXSWLRCC,本溪市卧龙农村信用合作社
,JSLLCZYH,四平辽河蛟银村镇银行
,SSCNSCZYH,开远沪农商村镇银行
,LCXEBYRCC,凉城县农村信用合作联社
,ZQSDHQRCC,肇庆市鼎湖区农村信用合作联社
,NHRXCZYH,南和融信村镇银行
,BOB,蓝海银行
,SJZXHHSCZYH,北屯国民村镇银行
,NMAESRCC,内蒙古阿尔山农村商业银行
,HNZXJDMRCC,河南杞县农村商业银行
,PDFMCZYH,天津武清村镇银行
,BDMCQLFCZYH,福建福安渝农商村镇银行
,GXGLLJRCC,广西桂林漓江农村合作银行
,HYZJCZYH,登封齐鲁村镇银行
,TSKEGXRCC,塔什库尔干县农村信用合作社联合社
,JLRXCZYH,巨鹿融信村镇银行
,SCHYNCB,四川华蓥农村商业银行股份有限公司
,SCJGRCB,四川剑阁农村商业银行
,WYXOQMRCC,威远县农村信用合作联社
,PYXRCC,平舆县农村信用合作联社
,GZHPRHCZYH,湖南东安星龙村镇银行
,HNCYRCC,河南长垣农村商业银行
,BXSGTZRCC,本溪市高台子农村信用合作社
,NMGNXS,内蒙古农村信用社联合社
,ZZGMCZYH,天津西青中银富登村镇银行
,GCNYCZYH,辽宁凌海锦银村镇银行
,LSXPPQRCC,灵山县农村信用合作联社
,TGXXTCZYH,凤翔中银富登村镇银行
,YNDLYNSCZYH,浙江海盐湖商村镇银行
,TZQCSQRCC,土左旗察素齐信用社
,JSGCWJZJXCZYH,湖南邵阳湘江村镇银行
,GXXLRCC,广西西林农村商业银行
,SZSSDWKSYCZYH,浠水楚农商村镇银行
,HNAXRCB,湖南安乡农村商业银行股份有限公司
,SCXYRCB,四川叙永农村商业银行
,ZYMSCZYXCMW,寿光张农商村镇银行
,KYWTMGJHCZYH,双辽吉银村镇银行
,SDFCMFCZYH,惠州仲恺东盈村镇银行
,LZGLXHCZYH,富蕴中成村镇银行
,ANTBANK,网商银行
,HNXCXDRCC,河南许昌许都农村商业银行
,WHFMCZYH,威海富民村镇银行
,CRJYCZYH,北京密云汇丰村镇银行
,LRXRCB,隆尧邢农商村镇银行
,GXLZYNSCZYH,上海崇明沪农商村镇银行
,CLLACB,昌乐乐安村镇银行
,PYYCCZYH,青州中银富登村镇银行
,BTGMCZYH,单县中银富登村镇银行
,SBXNCPRCC,双柏县农村信用合作联社
,GYSBSGMCZYH,曲阜中银富登村镇银行
,CCHRCZYH,长春朝阳和润村镇银行
,SZLGZYFDCZYH,深圳龙岗中银富登村镇银行
,PSXSZRRCC,彭山县农村信用合作社联合社
,WFJGCZYH,五峰金谷村镇银行
,SDCWHYCZYH,大连保税区珠江村镇银行
,JXWZRCC,江西万载农村商业银行
,RABO,荷兰合作银行（中国）有限公司
,PGPFKJHCZYH,阜康津汇村镇银行
,TSQZCYCZYH,普洱民生村镇银行
,ZQFDHFCZYH,周宁刺桐红村镇银行
,YXZYCZYH,太谷县兴泰村镇银行
,HNZXWVDRCC,河南嵩县农村商业银行
,JXZYJHCZYH,哈尔滨幸福村镇银行
,WEBANK,微众银行
,WDXRCC,武定县农村信用合作联社
,TLXXCZYH,铁岭新星村镇银行
,JXCRRCC,江西崇仁农村商业银行
,GXPNGYCZYH,浙江文成北银村镇银行
,SCLZBANK,四川乐至农村商业银行
,ZPMSCZYH,云南西山北银村镇银行
,NJZCCZYH,竹山楚农商村镇银行
,JCHCCZYH,石门沪农商村镇银行
,DCHZZZXXHCZYH,句容苏南村镇银行
,GDJYRCB,广东揭阳农村商业银行
,SXYLHSHFCZYH,大名恒升村镇银行
,SXZSJLCZYH,陕西柞水聚利村镇银行
,AHHNJHCZYH,大连普兰店汇丰村镇银行
,HLDYCZYH,和龙敦银村镇银行
,HZBBDYCZYH,慈溪民生村镇银行
,GASGAQRCC,广安市广安区农村信用合作联社
,JZHYBANK,金寨徽银村镇银行
,GXFCRCC,广西富川农村商业银行
,JXPZRCC,江西彭泽农村商业银行
,ARCU,安徽省农村信用社
,SCJYHXCZYH,湖南岳阳湘江村镇银行
,DZXIHVRCC,道孚县农村信用合作联社
,CPRCB,宜宾翠屏农村商业银行
,YBRCB,宜宾农村商业银行
,GVZFKJHCZYH,江苏赣榆通商村镇银行
,ZJWLLHCZYH,福建沙县渝农商村镇银行
,NNSQRCC,南宁市区农村信用合作联社
,HLGLSRCC,霍林郭勒市农村信用合作社
,AGZCCZYH,伊金霍洛六菱村镇银行
,GXZYRCC,广西资源农村商业银行
,NDXRCC,南丹县农村信用合作联社
,YLYYMSCZYH,榆林榆阳民生村镇银行
,DYZYRCC,德阳市旌阳区农村信用合作社联合社
,HNSPXNCZYH,湖南双牌湘农村镇银行
,NORDLB,德国北德意志州银行
,JXHFRCC,江西横峰农村商业银行
,HJHQHTCZYH,伊金霍洛金谷村镇银行
,TSMJRXCZYH,宁海中银富登村镇银行
,AUUJNLHCZYH,自贡中成村镇银行
,TXRXCZYH,通许融信村镇银行
,JSDFJNCZYH,临江蛟银村镇银行
,JFZWTLSCZYH,大冶中银富登村镇银行
,JSDYBDCZYH,江苏泰兴建信村镇银行
,HHHTSXCMYCZYH,汾西县亿通村镇银行
,FCJYCZYH,阜城家银村镇银行
,XHCMCZYH,宁波市海曙国民村镇银行
,HNTQRCC,河南台前农村商行银行
,HNHJBANK,河南获嘉农村商业银行
,PLSHCZYH,云南石屏北银村镇银行
,ZJLSLDJXCZYH,邻水中银富登村镇银行
,LJXTERRCC,龙江县农村信用合作联社
,XJQLCZYH,丹江口楚农商村镇银行
,GXXZRCC,广西象州农村合作银行
,WZSQRCC,梧州市区农村信用合作联社
,XYSHQRCC,信阳市浉河区农村信用合作联社
,HNSPRCC,河南遂平农村商业银行
,NJDXRCC,内江市东兴区农村信用合作社联合社
,WHQLSHTCZYH,会宁会师村镇银行
,ZXHNSCZYH,澧县沪农商村镇银行
,LUZRCB,泸州江阳农村商业银行
,SZXWJRCC,绥中县万家农村信用合作社
,ZSRXCZYH,高唐青隆村镇银行
,HNYNRCB,湖南绥宁农村商业银行股份有限公司
,PTFMCZYH,都匀融通村镇银行
,HNJXRCC,河南浚县农村商业银行
,JXXFRCC,江西信丰农村商业银行
,REGXRCC,若尔盖县农村信用合作社联合社
,LZLMTRCC,泸州市龙马潭区农村信用合作社联合社
,HNMLRCB,湖南汨罗农村商业银行股份有限公司
,HNXCICKRCC,河南襄城农村商业银行
,SCMZRCC,四川绵竹农村商业银行股份有限公司
,HXRDTRCC,横县农村信用合作联社
,PBXCIPRCC,屏边县农村信用合作联社
,JXZYCZYH,兴宁珠江村镇银行
,HNGSIXGRCC,河南固始农村商业银行
,JSHNSCZYH,北京门头沟珠江村镇银行
,YMCNSCZYH,景洪民生村镇银行
,NLDSCZYH,平果国民村镇银行
,SDMYQFCZYH,山东蒙阴齐丰村镇银行
,SYSBFMCZYH,浙江建德湖商村镇银行
,JXXJFXORCC,江西峡江农村商业银行
,ZYHTCZYH,福建德化成功村镇银行
,GHHLBRCC,内蒙古根河市好里堡农村信用合作社
,EBYZRCC,峨边彝族自治县农村信用合作联社
,GHSRCC,根河市农村信用合作联社
,TZXHDCZYH,京山中银富登村镇银行
,GZRCU,贵州省农村信用社联合社
,TLKLQRCC,内蒙古通辽市库伦旗农村信用合作社联合社
,TMTZQRCC,土默特左旗农村信用合作联社
,FJXLJNSCZYH,福建新罗晋农商村镇银行
,SZXGLRCC,绥中县高岭农村信用合作社
,XGLLXRCC,香格里拉县农村信用合作联社
,HNFHRCB,湖南凤凰农村商业银行股份有限公司
,TGJYCZYH,龙川融和村镇银行
,HLJZDJXCZYH,什邡市思源村镇银行
,JPXZLKRCC,建平县朱碌科农村信用合作社
,GXRARCC,广西融安农村商业银行
,JGDZYZRCC,景谷傣族彝族自治县农村信用合作联社
,SCSTRCB,四川三台农村商业银行股份有限公司
,YDXGGWRCC,永德县农村信用合作联社
,YZCXCZYH,山东诸城建信村镇银行
,JSHMJXCZYH,江苏海门建信村镇银行
,SDXTQFCZYH,山东新泰齐丰村镇银行
,JXFYCZYH,景县丰源村镇银行
,YHCZCZYH,九江共青村镇银行
,SHBAB,瑞典商业银行公共有限公司
,WYMWTLSCZYH,五台莱商村镇银行
,XJHDCZYH,峡江洪都村镇银行
,HNZFXYCZYH,湖南中方新阳村镇银行
,GZHDCZCZYH,施秉金鼎村镇银行
,HNAYXZRCC,河南安阳相州农村商业银行
,DCXHEORCC,郸城县农村信用合作联社
,DBXXEQRCC,电白县农村信用合作联社
,SDHMB,山东惠民舜丰村镇银行
,JDMSCZYH,旌德民商村镇银行
,YTXCIHRCC,盐亭县农村信用合作社联合社
,ZQLJRCC,舟曲县立节农村信用社
,ZXQLCZYH,云梦楚农商村镇银行
,XWJHCZYH,钟祥民生村镇银行
,SXBEHZQRCC,内蒙古呼伦贝尔市新巴尔虎左旗农村信用合作社联合社
,ZLQRCC,正蓝旗农村信用合作联社
,GXGYRCC,广西灌阳农村商业银行
,ZQXCGLPHRCC,舟曲县插岗农村信用合作社
,ZXXTCZYH,监利中银富登村镇银行
,FJJYRSCZYH,保山隆阳沪农商村镇银行
,HNRNRCC,河南汝南农村商业银行
,HNXXYGBRCC,河南西峡农村商业银行
,YNNHRCC,云南南华农村商业银行
,YXYXCZYH,沈阳新民富民村镇银行
,HZSZCZYH,沈阳法库富民村镇银行
,GDQXRCB,广东清新农村商业银行
,XSGMCZYH,献县融和村镇银行
,HAZCCZYH,沈阳辽中富民村镇银行
,GXPGRCC,广西平果农村合作银行
,YNMLBYCZYH,宁夏惠农贺兰山村镇银行
,LCLZZRCC,澜沧拉祜族自治县农村信用合作联社
,MSRCB,眉山农村商业银行股份有限公司
,ZXXFOTRCC,镇雄县农村信用合作联社
,HNJSRCB,湖南津市农村商业银行股份有限公司
,GSZCZYFDCZYH,浙江德清湖商村镇银行
,ZJWCBYCZYH,内黄兴福村镇银行
,TLXPDBRCC,铁岭县平顶堡农村信用合作社
,YJHLJGCZYH,福建石狮渝农商村镇银行
,TLSZLTQRCC,内蒙古通辽市扎鲁特旗农村信用合作社联合社
,WSFNCJCZYH,潍坊市潍城区北海村镇银行
,XXRHCZYH,淮阳中银富登村镇银行
,YPYALKEQPXV,内蒙古阿鲁科尔沁农村商业银行
,SZCSJXCZYH,苏州常熟建信村镇银行
,JXHCRCC,江西会昌农村商业银行
,YCJDCZYH,禹城胶东村镇银行
,ZPHNSCZYH,博乐国民村镇银行
,DZSDCQRCC,达州市达川区农村信用合作联社
,HNSQBGSRCC,河南沈丘农村商业银行
,WAFMCZYH,深圳坪山珠江村镇银行
,HNNXRCC,河南内乡农村商业银行
,TLXFHRCC,铁岭县凡河农村信用合作社
,KZXRCC,喀左县农村信用合作社联合社
,HLYDCZYH,海林远东村镇银行
,TLXXTZRCC,铁岭县新台子农村信用合作社
,ZKXBTGRCC,磴口县农村信用合作联社
,HNSCRCC,河南上蔡农村商业银行
,DLJZLFCZYH,湖南洞口潭农商村镇银行
,ZSSYCZYH,城固中银富登村镇银行
,ZQRCHFCZYH,汤阴兴福村镇银行
,JLXNNNRCC,九龙县农村信用合作联社
,SCBCQZFMCZYH,哈密红星国民村镇银行
,LMRBANK,广东龙门农村商业银行
,YZHFCZYH,浑源县慧融村镇银行
,ZCXWNSRCC,淅川县农村信用合作联社
,MZKSB,梅州客商银行
,SDLSMFCZYH,宁波海曙浦发村镇银行
,LPSYCB,滦平盛阳村镇银行
,SLSRCC,双辽市农村信用合作社联合社
,SHCMHNSCZYH,潼南民生村镇银行
,HTBJHCZYH,淄博淄川北海村镇银行
,JXQSRCC,江西铅山农村商业银行
,JSWJJXCZYH,合浦国民村镇银行
,KBCG,比利时联合银行
,CBEHQRCC,陈巴尔虎旗农村信用合作联社
,BXRXCZYH,柏乡融信村镇银行
,TLNMRCC,通辽奈曼农村合作银行
,HNMQRCC,河南民权农村商业银行
,XAMTQXRCC,内蒙古兴安盟突泉县农村信用合作社联合社
,ZJYKNYCZYH,浙江永康农银村镇银行
,BLYQRCC,巴林右旗农村信用合作联社
,XMTANYCZYH,厦门同安农银村镇银行
,HJQRCC,杭锦旗农村信用合作联社
,JXXTCB,吉县新田村镇银行
,TQDSCZYH,湖南新邵湘淮村镇银行
,LYZYFDCB,临邑中银富登村镇银行
,DZXHW,达州农村商业银行
,ZQZXCZCZYH,上海松江民生村镇银行
,GXLYJWERCC,广西凌云农村商业银行
,HZQLCZYH,陕西太白长银村镇银行
,GXPXRCC,广西凭祥农村商业银行
,HNZJRCB,湖南芷江农村商业银行股份有限公司
,FCSYCB,丰城顺银村镇银行
,JXYWRCC,江西寻乌农村商业银行
,AHHXXHCZYH,浙江苍南建信村镇银行
,PDSWDRCC,平顶山卫东农村商业银行
,ZSXGLKRCC,钟山县农村信用合作联社
,ALSYQRCC,阿拉善右旗农村信用合作联社
,NATIXIS,法国外贸银行
,GZLPFCZYH,济阳北海村镇银行
,EEDSSTJMYCZYH,房县楚农商村镇银行
,JHMSCZYH,浙江武义建信村镇银行
,XJRCU,新疆农村信用社
,HNYYVVCRCC,河南宜阳农村商业银行
,AFZYFDCZYH,江苏江宁上银村镇银行
,JXLSRCC,江西庐山农村商业银行
,ZLTMYCB,扎兰屯蒙银村镇银行
,SZSHNQRCC,石嘴山市惠农区农村信用合作联社
,HNGSOHYRCC,河南光山农村商业银行
,HLSXNCXYHZCLZ,芦山县农村信用合作联社园区信用社
,GXNMRCC,广西宁明农村商业银行
,SXBEHYQRCC,内蒙古呼伦贝尔市新巴尔虎右旗农村信用合作社联合社
,QXZYFMMMRCC,乾县中银富登村镇银行
,FNXMNLRCC,富宁县农村信用合作联社
,YNYSRCC,云南永胜农村商业银行
,HJXNYBRCC,怀集县农村信用合作联社
,XCRCB,四川西充农村商业银行
,LSXSAARCC,芦山县农村信用合作社联合社
,NXYZJHCB,宁夏原州津汇村镇银行
,MQDSCZYH,天津市蓟州村镇银行
,CBYYCZYH,成都郫都中银富登村镇银行
,GYNMFMCZYH,河北丰宁建信村镇银行
,SDRCU,山东省农村信用社联合社
,XCNCRCC,许昌农村商业银行
,MMGZCJCB,茂名高州长江村镇银行
,DZHJZJCZYH,佛山南海新华村镇银行
,HHXRCC,红河县农村信用合作联社
,AHQYJHCZYH,湖南沅陵新阳村镇银行
,YNHQYNSCZYH,江苏宝应锦程村镇银行
,SCAZRCB,四川安州农村商业银行股份有限公司
,WXXPEQRCC,武宣县农村信用合作联社
,AYZJCZYH,宁夏红寺堡汇发村镇银行
,FJWPHXCZYH,福建武平杭兴村镇银行
,SYQBCB,绥阳黔北村镇银行
,FJYDRSCZYH,三水珠江村镇银行
,FSGMSYCB,佛山高明顺银村镇银行
,SDJXLHCZYH,公主岭浦发村镇银行
,LBXZCJCB,来宾象州长江村镇银行
,ZJRAHSCB,浙江瑞安湖商村镇银行
,MMSCQRCC,茂名市城区农村信用合作联社
,CZSYCZYH,崇州上银村镇银行
,WCYRCZYH,武城圆融村镇银行
,QYZCCB,曲阳中成村镇银行
,DZZCCB,定州中成村镇银行
,SHXRCC,射洪县农村信用合作社联合社
,NJYZRCC,南涧彝族自治县农村信用合作联社
,FGZYCB,扶沟郑银村镇银行
,YJXRPHRCC,永靖县农村信用合作联社
,XWBANK,新网银行
,CHFMCB,册亨富民村镇银行
,LPXFCB,罗平兴福村镇银行
,QHDFNJYCZYH,秦皇岛抚宁家银村镇银行
,FXLZCB,费县梁邹村镇银行
,ZZXMVWRCC,资中县农村信用合作联社
,NHXYQDRCC,内黄县农村信用合作联社
,QYXCQCZYH,沁源县长青村镇银行
,GDOYNSB,广东翁源农村商业银行股份有限公司
,PCZYFDCZYH,上海宝山富民村镇银行
,KDXRCC,康定县农村信用合作联社
,STXRCC,三台县农村信用合作社联合社
,JJGQCZYH,原平市汇民村镇银行
,AHZCHSCB,安徽谯城湖商村镇银行
,PBCOM,中国人民银行公开市场操作室
,ZSZCCB,鄯善中成村镇银行
,LNTAJACZYH,辽宁台安金安村镇银行
,XCZYFDCB,项城中银富登村镇银行
,FYXUUBRCC,富源县农村信用合作联社
,JXZYWZYRCC,江西鄱阳农村商业银行
,BXXWZGRCC,宝兴县农村信用合作社联合社
,NMSBRCC,内蒙古陕坝农村商业银行
,YLZCCB,筠连中成村镇银行
,CXQLCB,磁县齐鲁村镇银行
,JSHAGDCZB,江苏淮安光大村镇银行
,WSMGCJCB,文山马关长江村镇银行
,XYYNSCB,云南祥云渝农商村镇银行
,HNZJXJCZYH,郧西楚农商村镇银行
,HNXCFNARCC,河南项城农村商业银行
,GDHDRCB,广东惠东农村商业银行
,FXXSJZRCC,阜新县十家子农村信用合作社
,PYLHCZYH,郧县楚农商村镇银行
,BRCBANK,广东博罗农村商业银行
,GHZJCB,广汉珠江村镇银行
,YNTCRCC,云南腾冲农村商业银行
,BSSDCJCB,保山施甸长江村镇银行
,EWKZRCC,鄂温克族自治旗农村信用合作联社
,HBJYWJCB,湖北嘉鱼吴江村镇银行
,JAJYCB,靖安九银村镇银行
,GXYZRCC,广西宜州农村合作银行
,CFSSRCC,赤峰松山农村商业银行
,KCGMCB,库车国民村镇银行
,QJQLRCC,曲靖市麒麟区农村信用合作联社
,HNAYSDRCC,河南安阳商都农村商业银行
,HNYCRCB,河南永城农商行
,RPXRCC,饶平县农村信用合作联社
,YNJHRCC,云南景洪农村商业银行
,QZXBCZYH,清镇兴邦村镇银行
,ZYHCQXCZYH,遵义汇川黔兴村镇银行
,SCAYRCB,四川安岳农村商业银行
,NEHNZYZRCC,宁洱哈尼族彝族自治县农村信用合作联社
,AYXRCC,安岳县农村信用合作联社
,SZXKOKRCC,师宗县农村信用合作联社
,LJGCRCC,丽江古城农村商业银行
,ZZXGLJRCC,梓潼县农村信用合作联社
,LHXHQGRCC,梁河县农村信用合作联社
,QJZYXFCZYH,九江庐山浔银村镇银行
,RSMFCZYH,浙江丽水莲都建信村镇银行
,JKHGXSLGMCZYH,广西上林国民村镇银行
,SYXHDCZYH,寿阳县汇都村镇银行
,HBMCHFCB,湖北麻城汇丰村镇银行
,GLHSCB,关岭恒升村镇银行
,W穴ZYFDCB,武穴中银富登村镇银行
,NXTXJHCB,宁夏同心津汇村镇银行
,HNSQWVORCC,河南社旗农村商业银行
,TAXXFRCC,台安县西佛农村信用合作社
,AHTHJHCZYH,汕头龙湖长江村镇银行
,XZPCRCB,徐州彭城农村商业银行
,JXXGKYXRCC,江西兴国农村商业银行
,ZQSDDKRXCZYH,遵化融和村镇银行
,MYFCQRCC,绵阳市涪城区农村信用合作联社
,XHKJRCB,贵阳小河科技村镇银行
,ZJKQLHCZYH,宁波江北富民村镇银行
,LDXNALRCC,鲁甸县农村信用合作联社
,BHSRCC,北海市农村信用合作社联合社
,QTHSQRCC,七台河市区农村信用合作联社
,LAZYFDCB,来安中银富登村镇银行
,FNZYFDCB,阜南中银富登村镇银行
,YLXUFVRCC,彝良县农村信用合作联社
,HNMYRCC,河南泌阳农村商业银行
,GYLZQRCC,广元市利州区农村信用合作联社
,BOHN,海南省农村信用社
,YNWSRCB,云南巍山农村商业银行
,ZHXGQLRCC,勐海县农村信用合作联社
,GDFSRCB,广东丰顺农村商业银行
,YNDLSRCC,云南大理市农村商业银行
,XYXUXIRCC,夏邑县农村信用合作联社
,ALEJHCB,阿拉尔津汇村镇银行
,GXLGRCC,广西临桂农村商业银行
,HNHBRCC,河南淮滨农村商业银行
,GDDYRCB,广东东源农村商业银行
,HNSZXNCZYH,湖南桑植湘农村镇银行
,BYXMYURCC,宾阳县农村信用合作联社
,NMTPSRCC,内蒙古太仆寺农村商业银行
,QXZYFLKXRCC,栖霞中银富登村镇银行
,NARXCZYH,晋州恒升村镇银行
,QLRXCZYH,湖南攸县潭农商村镇银行
,HXZJCZYH,深泽利丰村镇银行
,GXZPRCC,广西昭平农村商业银行
,KLQQRCC,喀喇沁旗农村信用合作联社
,GXYFXHCZYH,广西鱼峰信合村镇银行
,XYPQRCB,信阳市平桥区农村信用合作联社
,ZQBZCZCZYH,上海宝山扬子村镇银行
,LAUXPYNCCQK,河南新乡平原农村商业银行
,JGSJYCZYH,辛集齐鲁村镇银行
,GNXAINRCC,广南县农村信用合作联社
,YSXRCZYH,元氏信融村镇银行
,NJXFCZYH,嫩江幸福村镇银行
,TCMKKGRCC,天长民生村镇银行
,DLLSKMYCZYH,无锡滨湖兴福村镇银行
,XYSMGRCC,信阳市明港农村信用合作联社
,RHMYCZYH,仁怀蒙银村镇银行
,CJGMCB,昌吉国民村镇银行
,SNRCB,遂宁农村商业银行股份有限公司
,HYXHRCZYH,饶平融和村镇银行
,GDSKRCB,广东四会农村商业银行
,TAXGLFRCC,台安县高力房农村信用合作社
,SZWZZJCZYH,辉南榆银村镇银行
,XXHLSCB,宁夏西夏贺兰山村镇银行
,BPSDCZYH,北票盛都村镇银行
,SDLZHJCZYH,山东临淄汇金村镇银行
,CWZYFDCB,长武中银富登村镇银行
,DLNSCB,东辽农商村镇银行
,HJXQHERCC,合江县农村信用合作社联合社
,ZXDSCZYH,烟台福山珠江村镇银行
,LZNXRCC,泸州市纳溪区农村信用合作社联合社
,BEEBCZXS,国民村镇银行
,LSXGFCRCC,邻水县农村信用合作社联合社
,NNWMQRCC,南宁市武鸣区农村信用合作联社
,AYRXCZYH,江苏铜山锡州村镇银行
,STCZCZYH,青海平安大通村镇银行
,XHXUKKRCC,西华县农村信用合作联社
,BJCPBSCZYH,哈尔滨阿城农商村镇银行
,GXXARCC,广西兴安农村合作银行
,JXXRCC,进贤县农村信用合作联社
,AHSXJYCZYH,安徽歙县嘉银村镇银行
,HNLXSRCB,湖南泸溪农村商业银行股份有限公司
,CAQLCZYH,湖南衡山潭农商村镇银行
,PXXITFRCC,蓬溪县农村信用合作社联合社
,AXDSCB,安新大商村镇银行
,HNXSRCB,湖南新邵农村商业银行股份有限公司
,GDCHCSCB,广东澄海潮商村镇银行
,ZBBSBHCB,淄博博山北海村镇银行
,ZYBZHLCZYH,遵义播州汇隆村镇银行
,DGXWVCRCC,德格县农村信用合作联社
,WCZYFDCB,务川中银富登村镇银行
,ZNRXCB,桦南融兴村镇银行
,HNXTXHCZYH,安图农商村镇银行
,BMYZRCC,巴马瑶族自治县农村信用合作联社
,TCMSAIRCC,太仓民生村镇银行
,ZJRXCB,中江融兴村镇银行
,ZJQZQJSYCZYH,衢江上银村镇银行
,ZZZYFDCB,镇赉中银富登村镇银行
,QDJZZCCB,青岛胶州中成村镇银行
,QHRC,青海省农村信用社
,HJRCB,四川合江农村商业银行
,HNZSRCC,河南偃师农村商业银行
,WHSRCC,卫辉市农村信用合作联社
,TAHNSCB,泰安沪农商村镇银行
,YNMSRCC,云南芒市农村商业银行
,JXLXRCC,江西芦溪农村商业银行
,GNXDXMRCC,广宁县农村信用合作联社
,CQWXCB,重庆巫溪中银富登村镇银行
,HBZJKXTRCB,河北张家口宣泰农村商业银行
,ARQRCC,阿荣旗农村信用合作联社
,GSDLZNZRCC,贡山独龙族怒族自治县农村信用合作联社
,FCGFCQRCC,防城港市防城区农村信用合作联社
,QBXRCC,邱北县农村信用合作联社
,ZWXEIORCC,犍为县农村信用合作社联合社
,KEQYYQQRCC,内蒙古兴安盟科尔沁右翼前旗农村信用合作社联合社
,WLHTSRCC,乌兰浩特市农村信用合作联社
,ZNHSCZYH,吉水庐陵村镇银行
,FSXWZJRCC,凤山县农村信用合作联社
,GTQLCZYH,贞丰兴贞村镇银行
,NXQTXRCC,宁夏青铜峡市农村信用合作联社
,NBZHCB,宁波镇海中银富登村镇银行
,ZXZYFDCB,杞县中银富登村镇银行
,BZHHCB,滨州河海村镇银行
,YLGMCB,伊犁国民村镇银行
,TEXRCC,天峨县农村信用合作联社
,GXLBGZRCC,广西来宾桂中农村合作银行
,BANCAINTESA,意大利联合商业银行
,ZCBHCB,郓城北海村镇银行
,QXNYLPFCB,黔西南义龙浦发村镇银行
,DFJYCZYH,呼和浩特市赛罕金谷村镇银行
,AHXNDDCZYH,达州达川中银富登村镇银行
,WSGNCJCZYH,石首楚农商村镇银行
,HNCGRCC,河南长葛农村商业银行
,SDRCHFCB,山东荣成汇丰村镇银行
,JXYXOGDRCC,江西永修农村商业银行
,LWZJCB,莱芜珠江村镇银行
,NNMSCJCZYH,柘荣刺桐红村镇银行
,GDPNRCB,广东普宁农村商业银行股份有限公司
,LSWTQRCC,乐山市五通桥区农村信用合作社联合社
,HBYSCJCB,湖北英山长江村镇银行
,HNWGRCB,湖南武冈农村商业银行股份有限公司
,HJMNZRCC,环江毛南族自治县农村信用合作联社
,JSZZZJCZYH,和政神舟村镇银行
,HSXSFFRCC,黑水县农村信用合作联社
,SCWYCCB,四川万源农村商业银行股份有限公司
,DZDLDYCZYH,乌海市乌拉特村镇银行
,ZQQJYZCZYH,乌海千里山河套村镇银行
,TQXRCC,天全县农村信用合作社联合社
,HNTYRCC,河南汤阴农村商业银行
,SZSQVIRCC,什邡市农村信用合作社联合社
,HNZYPBWRCC,河南正阳农村商业银行
,LYXAQYYCZYH,北京延庆村镇银行
,HNZZLSCZYH,黎川抚商村镇银行
,SHCH,银行间市场清算所
,YJXYGXRCC,永靖县盐锅峡农村信用合作社
,DXFYCB,定兴丰源村镇银行
,ZDHSCZYH,通化东昌榆银村镇银行
,HNLHRCB,湖南隆回农村商业银行股份有限公司
,WNHTCB,武宁恒通村镇银行
,LYCGZRCC,凌源市城关镇农村信用合作社
,XHXINPRCC,兴和县农村信用合作联社
,ZHZLQRCC,漯河市召陵区农村信用合作联社
,HSJZFYCB,衡水冀州丰源村镇银行
,HNJZRCB,湖南靖州农村商业银行股份有限公司
,SQXRCC,石渠县农村信用合作联社
,NCRCB,南充农村商业银行股份有限公司
,DVSLNSSCZYH,湖南冷水江湘淮村镇银行
,SNTZQRCC,苏尼特左旗农村信用合作联社
,GXLLRCC,广西隆林农村商业银行
,DEHMQBSCZYH,浙江淳安建信村镇银行
,MZLRCC,满洲里农村商业银行
,SZLFCZYH,凉城县乌拉特村镇银行
,HNXHRCB,湖南新化农村商业银行股份有限公司
,BOP,平顶山银行
,JZCBANK,焦作中旅银行
,JZSRCC,建瓯市农村信用合作联社
,GSNXB,甘肃省农村信用社
,QJHMCZ,曲靖惠民村镇银行
,AHQRCC,敖汉旗农村信用合作联社
,TJBHJHCZYH,都江堰金都村镇银行
,RJXRCC,榕江县农村信用合作联社(停用)
,PSBCJL,中国邮政储蓄银行股份有限公司吉林省分行
,XZRCB,徐州农村商业银行
,TARCB,台安县农村信用合作社联合社
,PNRCB,广东普宁农村商业银行股份有限公司
,YLRCB,玉林市区农村信用合作联社
,ZPRCB,福建漳平农村商业银行
,SXRCB,广东遂溪农村商业银行股份有限公司
,WXXSYH,无锡锡商银行
,JSNTRCB,江苏南通农村商业银行
,AHLQRCB,安徽临泉农村商业银行股份有限公司科技创新支行
,ZJYJRCB,浙江永嘉农村商业银行
,ZJWZOHRCB,浙江温州瓯海农村商业银行
,PSBCLN,中国邮政储蓄银行股份有限公司辽宁省分行
,AHCFRCB,安徽长丰农村商业银行
,ZJYHRCB,浙江云和农村商业银行
,ZJLHRCB,浙江临海农村商业银行
,ZJWZLCRCB,浙江温州鹿城农村商业银行
,BOL,洛阳银行
